{"sct_config":{"_id":"6560431414c0fd1e3ae45194","createdAt":"2023-11-24T06:30:44.973Z","username":"controltower_asahi","priviledge":"client","config":{"missed_call":true,"pingrate":900000,"extra_headers":[{"title":"ANALYTICS","icon":"","path":"/analytics","show":true}],"home":{"triplistheaders":[{"key":"truck_number","value":"Vehicle"},{"key":"tel","value":"Tel"},{"key":"srcname","value":"Source"},{"key":"destname","value":"Destination"},{"key":"invoice","value":"Invoice"},{"key":"start_time","value":"Start Time"},{"key":"reached","value":"E.T.A."},{"key":"last_tracked","value":"Last Tracked"}]},"trips":{"submittedtripoptions":{"multiple_dest_text_field":true,"src_text_field":true,"edit":true,"dest_mandatory":true,"share_link":true,"status_update":true},"data":{"dest_locations":[]},"mandatorinputfields":["srcname","truck_number"],"newtripinputfields":[{"key":"truck_number","placeholder":"Truck Number","type":"text","action_name":"check_vahan_data"},{"key":"vendor","placeholder":"Transporter","type":"text"},{"key":"lr_number","placeholder":"LR Number","type":"text"},{"key":"client_name","placeholder":"Client Name","type":"text"},{"key":"destname","no_show":true},{"key":"drops","type":"array","max_length":1,"params":[{"key":"invoice","placeholder":"Invoice No."},{"key":"loc","placeholder":"Destination"}]},{"key":"eta_days","placeholder":"ETA","type":"number"},{"key":"eway_expiry","placeholder":"EWAY Bill Expiry Date","type":"date"},{"key":"transporter_number","placeholder":"Transporter Number","type":"text"},{"key":"vehicle_capacity","placeholder":"Vehicle Capacity","type":"list","values":[{"name":"0-5 ton"},{"name":"5-10 ton"},{"name":"10-15 ton"},{"name":"15-20 ton"},{"name":"20-25 ton"},{"name":"25+ ton"}]},{"key":"customer_number","placeholder":"Customer Number","type":"text","action_name":"set_trip_data"},{"key":"dl_number","placeholder":"Driving Licence Number","type":"text","action_name":"check_dl_data"},{"key":"driver_dob","placeholder":"Driver DOB","type":"date","action_name":"check_dl_data"}],"bulk_upload":{"show":true,"google":true,"fixed_headers":true},"otheroption":{"show_rcdl_details":true,"trip_start_on_gate_out":true,"facilities":true,"master_data_list":[{"key":"customer_number","parameter":"customer_number_list","form_keys":["customer_number"]}]},"master_upload":[{"key":"customer_number","value":"customer Number","headers":[{"key":"client_name","value":"Customer Name"},{"key":"customer_number","value":"Customer Number"},{"key":"dest_name","value":"City"},{"key":"customer_mobile_number","value":"Correct Customer Mobile no"},{"key":"customer_email","value":"Correct Customer email id"},{"key":"sales_mobile_number","value":"Sales Person Mobile"},{"key":"sales_email","value":"Sales person Email id"},{"key":"dest_coordinates","value":"Location co-ordinates"}]}],"trips_status":{"newtripinputfields":[{"key":"text","placeholder":"Select Status","type":"list","values":[{"name":"Source Gate In","code":"GATE_IN"},{"name":"Source Gate Out","code":"GATE_OUT"}]},{"key":"time","placeholder":"Select Date and Time","type":"time"}]},"fixed_running_threshold":1036800000},"trip_start_form":true,"support_enabled":true,"client":"ASAHI GLASS","filter_trips_by":[],"tracking_tag":"PROVIDER-CONFIG","location_providers":{"airtel":{"provider":"TELENITY","service":"SMARTTRAILSHORT"},"idea":{"provider":"TELENITY","service":"SMARTTRAILSHORT"},"vodafone":{"provider":"TELENITY","service":"SMARTTRAILSHORT"},"jio":{"provider":"JIO","service":"DEFAULT"},"bsnl":{"provider":"TELENITY","service":"SMARTTRAIL"}},"modules":{},"reports":{},"map":{"light_theme":true},"theme":{"light":true},"tracking":{"parallel_fastag_fallback":true,"geofence_radius":{"drop":5000},"reCalculationEnable":true},"reachParams":{"geofence":5000,"geofence_in":{"trip_changes":{"endsIn":1800000}}},"app_navigation_lethan":[{"key":"NAV_LETHAN","text":"Status Updates","desc":"Status Updates","url":"https://d8ni6op2f8qee.cloudfront.net/app_assets/form.png","introduced":{"version":"1.0.14","nav_message":{"outline_color":1,"text":"New!"}},"web_url":"https://sct.intutrack.com/?#!/app-trips"}],"apptrips":{"otheroption":{"update_status":true}},"public_link":{"auth":{"basic":{"username":"ty01WTQoDU","password":"8lecIqo993"}}},"alert":[{"type":["CONSENT_PENDING","TICKET_CHAT"]}]},"apisecret":{"username":"Ef0f1MGwMcqeAShqHlyci95XuPiUVUBCr10SL3qr06J7fXPdwOGzfdT6lsxJvcOS","password":"7LrtxqviTw5kbXMpCBwreWiTOXnyVdYhgyz4KVuyHkFgqJNz7l8QsRkYtuKupXfW"},"hash":"$2a$10$q5u29qcnagISEVAinsVhnOUoQ6okqqvsP8D9ccutF6LVcnoDmHzKO","created_by":"ops_uc"},"ct_config":{"username":"controltower_asahi","token":"eyJhbGciOiJIUzI1NiIsInR5cCI6IkpXVCJ9.eyJ1c2VyIjoiY29udHJvbHRvd2VyX2FzYWhpIiwiY2xpZW50IjoiQVNBSEkgR0xBU1MiLCJpYXQiOjE3MDA4MzU2NTR9.ffiLSVYMIBg6j65g5LGfwQeUKUumbp-asjy80BPVqZM"}}