{"sct_config":{"_id":"65114dd0c97c9930f0ebe1f0","createdAt":"2023-09-25T09:07:28.125Z","priviledge":"client","username":"fahim.bawa@myntra.com","password":null,"config":{"missed_call":true,"pingrate":3600000,"extra_headers":[{"title":"ANALYTICS","icon":"","path":"/analytics","show":true}],"home":{"triplistheaders":[{"key":"shipmentNumber","value":"FK Shipment Number"},{"key":"trip_route","value":"Route"},{"key":"truck_number","value":"Vehicle"},{"key":"tel","value":"Tel"},{"key":"srcname","value":"Source"},{"key":"destname","value":"Destination"},{"key":"vendor","value":"Transporter"},{"key":"spLoadId","value":"Load Id"},{"key":"latest_event_status","value":"Latest Status"},{"key":"start_time","value":"Start Time"},{"key":"reached","value":"E.T.A."},{"key":"loc_tracking_status","value":"Tracking Status"},{"key":"last_tracked","value":"Last Tracked"}],"otheroption":{"hide":{"online_trip_counter":true,"pending_trip_counter":true,"status":true}},"options":{"additional_filters":[{"key":"drops.name","label":"Drop"},{"key":"spSubBranchName","label":"Movement Type"}]}},"trips":{"submittedtripoptions":{"multiple_dest_text_field":true,"src_text_field":true,"edit":true,"dest_mandatory":true,"share_link":true},"data":{"dest_locations":[]},"mandatorinputfields":["srcname","truck_number"],"newtripinputfields":[{"key":"truck_number","placeholder":"Truck Number","type":"text"},{"key":"vendor","placeholder":"Transporter","type":"text"},{"key":"lr_number","placeholder":"LR Number","type":"text"},{"key":"client_name","placeholder":"Client Name","type":"text"},{"key":"destname","no_show":true},{"key":"drops","type":"array","max_length":1,"params":[{"key":"invoice","placeholder":"Invoice No."},{"key":"loc","placeholder":"Destination"}]},{"key":"eta_days","placeholder":"ETA","type":"number"},{"key":"eway_expiry","placeholder":"EWAY Bill Expiry Date","type":"date"},{"key":"transporter_number","placeholder":"Transporter Number","type":"text"},{"key":"vehicle_capacity","placeholder":"Vehicle Capacity","type":"list","values":[{"name":"0-5 ton"},{"name":"5-10 ton"},{"name":"10-15 ton"},{"name":"15-20 ton"},{"name":"20-25 ton"},{"name":"25+ ton"}]}],"tripStartWebhookStr":"IPT","distance_based_tat":{"distance":800000,"legs_master":true},"expire_trip_based_on_sla":{"operator":"*","threshold":1.5},"post_end_trip_ops":["POST_TRIP_END_SP_EVENTS"],"additional_search_fields":["searchtext"],"allowDuplicateTelTrips":true,"endable_submitted_trips_update":true,"search_fields":["shipmentNumber","spLoadId"],"static_properties":{"noTrack":true,"haltDistThresholdMtrs":1000,"haltTimeThresholdMs":300000,"wait_time":{"SRC":0,"DROP":10800000}},"uniq_trip_key":null,"tat_on_source_in":false,"calculate_transporter_eta":true,"tat_on_source_out":true},"trip_start_form":true,"support_enabled":true,"client":"FKT_Main","reusable_sim":null,"filter_trips_by":[],"tracking_tag":"PROVIDER-CONFIG","location_providers":{"airtel":{"provider":"TELENITY","service":"IVRALT"},"idea":{"provider":"TELENITY","service":"IVRALT"},"vodafone":{"provider":"TELENITY","service":"IVRALT"},"jio":{"provider":"JIO","service":"DEFAULT"},"bsnl":{"provider":"TELENITY","service":"SMARTTRAIL"}},"modules":{"OPTED_FOR":["INDENT_MANAGEMENT","CONTROL_TOWER","YARD_MANAGEMENT"],"INDENT_MANAGEMENT":{"FRONTEND":{"NAV":{"title":"Indent","path":"/indent"},"BASE_URL":"https://app2.superprocure.com/loadBoard","creds":{"URL_KEY":"token","token":"MTg3Mjk2OjZFNTRFNjIwMzhGMDExMEIyRDY5NUE2Mjc2QkY0NDJF"}}},"CONTROL_TOWER":{"FRONTEND":{"NAV":{"title":"Control Tower","path":"/control-tower"},"BASE_URL":"https://dbx6uwq37vzb3.cloudfront.net/","creds":{"URL_KEY":"token","token":"eyJhbGciOiJIUzI1NiIsInR5cCI6IkpXVCJ9.eyJ1c2VyIjoiZmFoaW0uYmF3YUBteW50cmEuY29tIiwiY2xpZW50IjoiRmxpcGthcnQgLSBNeW50cmEiLCJpYXQiOjE2OTU4MTY2ODl9.PRrIWHDnr5Sn5K3hSngBzimwh2ZK2MF_pCwLY2VSC1A"}}},"YARD_MANAGEMENT":{"FRONTEND":{"NAV":{"title":"Yard Management","path":"/yard"},"BASE_URL":"https://dq2sjc9nuei5i.cloudfront.net/"}}},"reports":{"otheroption":{"drops_delay_interval":10800000,"geofence_report":true},"report_extra_columns":[{"key":"shipmentNumber","placeholder":"FK Shipment Number"},{"key":"source_in_time","placeholder":"Source In Time"},{"key":"spLoadId","placeholder":"Indent Load ID"},{"key":"latest_event_status","placeholder":"Latest Event"},{"key":"latest_event_status_time","placeholder":"Latest Event Time"},{"key":"latest_event_status_name","placeholder":"Event Location Name"},{"key":"latest_event_status_type","placeholder":"Event Location Type"},{"key":"dest_out_time","placeholder":"Destination Out Time"},{"key":"f_base_ETA","placeholder":"design SLA"},{"key":"last_city","placeholder":"Latest City"},{"key":"loading_delay","placeholder":"Loading Delay"},{"key":"unloading_delay","placeholder":"Unloading Delay"},{"key":"spSubBranchName","placeholder":"Movement Type"},{"key":"spLoadingDate","placeholder":"Expected Loading Date","type":"date"},{"key":"lock_vendor_name","placeholder":"Lock vendor name"},{"key":"indentCreationDateTime","placeholder":"Indent Creation Date","type":"date"},{"key":"indentAcceptanceDateTime","placeholder":"Indent Acceptance Date","type":"date"},{"key":"plannedDistance","placeholder":"Planned Distance as per Indent"}],"report_header":[{"key":"invoice","value":"Invoice"},{"key":"tel","value":"Driver No."},{"key":"operator","value":"Operator"},{"key":"truck_number","value":"Vehicle"},{"key":"vendor","value":"Transporter"},{"key":"shipmentNumber","value":"FK Shipment Number"},{"key":"spLoadId","value":"Indent Load ID"},{"key":"srcname","value":"Source"},{"key":"destname","value":"Destination"},{"key":"trip_route","value":"Route"},{"key":"actual_start_date_time","value":"Start Date"},{"key":"source_in_time","value":"Source In Time"},{"key":"source_out_time","value":"Source Out Time"},{"key":"last_tracked","value":"Last Tracked"},{"key":"last_address","value":"Last Known Location"},{"key":"trip_status","value":"Status"},{"key":"delay_formatted","value":"SLA Status"},{"key":"f_base_ETA","value":"design SLA"},{"key":"trip_eta","value":"ETA"},{"key":"track_status","value":"Tracked Status"},{"key":"distance_travelled","value":"Distance Travelled (km)"},{"key":"distance_remained","value":"Distance Remaining (km)"},{"key":"latest_event_status","value":"Latest Event"},{"key":"latest_event_status_time","value":"Latest Event Time"},{"key":"latest_event_status_name","value":"Event Location Name"},{"key":"latest_event_status_type","value":"Event Location Type"},{"key":"destination_reached_time","value":"Destination Reached Time"},{"key":"dest_out_time","value":"Destination Out Time"},{"key":"last_city","value":"Latest City"},{"key":"loading_delay","value":"Loading Delay"},{"key":"unloading_delay","value":"Unloading Delay"},{"key":"spSubBranchName","value":"Movement Type"},{"key":"latest_lock_event_time","value":"Latest Lock Event Time"},{"key":"latest_lock_event_location","value":"Latest Lock Event Location"},{"key":"latest_tamper_alert_time","value":"Latest Tamper Alert Time"},{"key":"latest_tamper_alert_location","value":"Latest Tamper Alert Location"},{"key":"source_eta","value":"Source ETA"},{"key":"drop_eta","value":"Drop ETA"},{"key":"drops","value":"Drops"},{"key":"device_lock_status","value":"Device Status"},{"key":"tracking_type","value":"Tracking Type"},{"key":"endNote","value":"End Note"},{"key":"spLoadingDate","value":"Expected Loading Date","type":"date"},{"key":"lock_vendor_name","value":"Lock vendor name"},{"key":"indentCreationDateTime","value":"Indent Creation Date","type":"date"},{"key":"indentAcceptanceDateTime","value":"Indent Acceptance Date","type":"date"},{"key":"plannedDistance","value":"Planned Distance as per Indent"}]},"map":{"light_theme":true},"theme":{"light":true},"IPT_CALLBACK_CONFIG":{"warehouse":null,"headers":{"Authorization":"Bearer eyJhbGciOiJIUzI1NiIsInR5cCI6IkpXVCJ9.eyJfaWQiOiI2NGFkMmQ0NjlhNDFhNjE4M2I0OWJiNDkiLCJ1c2VybmFtZSI6Im15bl9hZG1pbiIsIndhcmVob3VzZSI6WyJNeW4tV0gxIl0sImNsaWVudCI6Ik1ZTlRSQSIsImlhdCI6MTY4OTA3MDkyNH0.FJVKkTMeEr8rlkRdEkOUwdkX8ZJg0O0W7E1obHvj4VQ"},"body":{"spLoadId":"spLoadId","shipmentId":"shipmentNumber"}},"disable_app_login":true,"reachParams":{"geofence":500,"geofence_out":{"trip_changes":{"endsIn":300000}}},"tracking":{"geofence_radius":{"src":500,"drop":500},"srcEtaCalculationEnabled":true,"dropsDistanceEnabled":true,"tripEndBy":"flipkart_myntra_admin"},"client_client":"Flipkart - Myntra","otp_auth":true,"public_link":{"auth":{"basic":{"username":"PPql68CXmY","password":"GyhQCqNOdv"}}},"alert":[{"type":["CONSENT_PENDING","TICKET_CHAT"]}]},"hash":"$2a$10$iaGogVS4TEBnS8s2RItyVu9ONF3xwGUZkIwiEEAWYM.MTQcNimb8e","apisecret":{"username":"FGC9rMrJWCTk02NVddVHFlvcFjQKsP1EvcjT4YOZtp3PwxBsQRQhBObfld5u7eqi","password":"okPCY4ogb6r9cLnh5rjhm9icIRSMEFqh09tYaTHleFFX6Wm3hmwKTncb94QR6jzc"},"created_by":"ops_uc","email":"fahim.bawa@myntra.com","updatedAt":"2023-09-27T12:11:29.879Z"},"ct_config":{"username":"fahim.bawa@myntra.com","token":"eyJhbGciOiJIUzI1NiIsInR5cCI6IkpXVCJ9.eyJ1c2VyIjoiZmFoaW0uYmF3YUBteW50cmEuY29tIiwiY2xpZW50IjoiRmxpcGthcnQgLSBNeW50cmEiLCJpYXQiOjE2OTU4MTcxNDB9.JZ2lsdFC6DwkSQa0rMEL3NcAl9xFJIVMTzQz9xxv0Jw"}}