{"sct_config":{"_id":"642ae47e17936c00088f6bb4","createdAt":"2023-04-03T14:36:46.469Z","username":"fr8_fasttag","priviledge":"client","config":{"missed_call":true,"pingrate":900000,"extra_headers":[{"title":"ANALYTICS","icon":"","path":"/analytics","show":true}],"modules":{"OPTED_FOR":["CONTROL_TOWER"],"CONTROL_TOWER":{"FRONTEND":{"NAV":{"title":"Control Tower","path":"/control-tower"},"BASE_URL":"https://control-tower.intutrack.com/","creds":{"URL_KEY":"token","token":"eyJ0eXAiOiJKV1QiLCJhbGciOiJIUzI1NiJ9.eyJ1c2VyIjoicG9ydGVyX2FkbWluIiwiY2xpZW50IjoiUG9ydGVyIn0.mfAoYW3QzHURJ4Azk0hGOp-mZ68Yi6ABS9xROg2pYV4"}}}},"home":{"triplistheaders":[{"key":"truck_number","value":"Vehicle"},{"key":"tel","value":"Tel"},{"key":"srcname","value":"Source"},{"key":"destname","value":"Destination"},{"key":"invoice","value":"Invoice"},{"key":"start_time","value":"Start Time"},{"key":"reached","value":"E.T.A."},{"key":"last_tracked","value":"Last Tracked"}]},"trips":{"submittedtripoptions":{"multiple_dest_text_field":true,"src_text_field":true,"edit":true,"dest_mandatory":true,"share_link":true},"data":{"dest_locations":[]},"mandatorinputfields":["srcname","truck_number"],"otheroption":{"show_rcdl_details":true},"newtripinputfields":[{"key":"truck_number","placeholder":"Truck Number","type":"text","action_name":"check_vahan_data"},{"key":"vendor","placeholder":"Transporter","type":"text"},{"key":"lr_number","placeholder":"LR Number","type":"text"},{"key":"client_name","placeholder":"Client Name","type":"text"},{"key":"destname","no_show":true},{"key":"drops","type":"array","max_length":1,"params":[{"key":"invoice","placeholder":"Invoice No."},{"key":"loc","placeholder":"Destination"}]},{"key":"eta_days","placeholder":"ETA","type":"number"},{"key":"eway_expiry","placeholder":"EWAY Bill Expiry Date","type":"date"},{"key":"dl_number","placeholder":"Driving Licence Number","type":"text","action_name":"check_dl_data"},{"key":"driver_dob","placeholder":"Driver DOB","type":"date","action_name":"check_dl_data"},{"key":"transporter_number","placeholder":"Transporter Number","type":"text"},{"key":"vehicle_capacity","placeholder":"Vehicle Capacity","type":"list","values":[{"name":"0-5 ton"},{"name":"5-10 ton"},{"name":"10-15 ton"},{"name":"15-20 ton"},{"name":"20-25 ton"},{"name":"25+ ton"}]}]},"trip_start_form":true,"support_enabled":true,"client":"Porter","reusable_sim":null,"filter_trips_by":["submitted_by"],"tracking_tag":"PROVIDER-CONFIG","location_providers":{"airtel":{"provider":"TELENITY","service":"IVRALT"},"idea":{"provider":"TELENITY","service":"IVRALT"},"vodafone":{"provider":"TELENITY","service":"IVRALT"},"jio":{"provider":"JIO","service":"DEFAULT"},"bsnl":{"provider":"TELENITY","service":"SMARTTRAIL"}},"reports":{"tracking_success":{"prod":{"recipients":["mails@intugine.com"]}}},"map":{"light_theme":true},"theme":{"light":true},"reachParams":{"geofence":5000,"geofence_in":{"trip_changes":{"endsIn":21600000}}},"submitted_by":"fr8_fasttag","public_link":{"auth":{"basic":{"username":"I8F5RZgNAh","password":"p1IPe1CYtn"}}},"alert":[{"type":["CONSENT_PENDING","TICKET_CHAT"]}],"alerts":{"halt":{"recipients":{"internal":["lakhandhanani@intugine.com"],"client":["mails@intugine.com"]},"haltParams":[{"durationThreshold":10800000,"sendOncePerHalt":true,"recipients":[]}]}}},"apisecret":{"username":"Wb8IZTHk1aXf07NydyxJvnD3ccKoiFc4XP3IopEd56ZWpWhFynp4tHDH4v9SV4vY","password":"IwSiQXsFgUTsP6aIUdmoyHp2oSUW7E2YoE4Ijd9ehVeRNKucMoRNg1EKsFnih91f"},"hash":"$2a$10$K.7AaMqBsiqmi2yj.NSBxOWEEFq06rua0mcoXQdphBQW7COImmkeC","created_by":"ops_uc"},"ct_config":{"username":"fr8_fasttag","token":"eyJhbGciOiJIUzI1NiIsInR5cCI6IkpXVCJ9.eyJ1c2VyIjoiZnI4X2Zhc3R0YWciLCJjbGllbnQiOiJQb3J0ZXIiLCJpYXQiOjE2OTY0MjkxODF9.UgxqjIfMt06gIS-GkDjztkWO41aJttAabMCs8rxejP4"}}