{"sct_config":{"_id":"62ad61d6559488000961312b","createdAt":"2022-06-18T05:25:42.136Z","username":"hilticcuops@hssupplychain.com","priviledge":"client","config":{"modules":{"OPTED_FOR":["CONTROL_TOWER"],"CONTROL_TOWER":{"FRONTEND":{"NAV":{"title":"Control Tower","path":"/control-tower"},"BASE_URL":"https://control-tower.intutrack.com/","creds":{"URL_KEY":"token","token":"eyJ0eXAiOiJKV1QiLCJhbGciOiJIUzI1NiJ9.eyJ1c2VyIjoiaGlsdGljY3VvcHNAaHNzdXBwbHljaGFpbi5jb20iLCJjbGllbnQiOiJIJlMifQ.5wkya7ILrMgfm4XdaYn5Se9ubfymDvqga0n9G1OOCHU"}}}},"app_navigation":["NAV_HOME","NAV_TRIPS","NAV_TIMELINE","NAV_HISTORY","NAV_SUPPORT"],"reachParams":{"geofence":100,"geofence_in":{"trip_changes":{}},"geofence_out":{"trip_changes":{}}},"extra_headers":[{"title":"Device managment","path":"/device_mgmt","show":true}],"gps_device":true,"missed_call":true,"pingrate":3600000,"trip_start_form":true,"marker_on_hover":[{"key":"__device_id__","value":"Device"},{"key":"truck_number","value":"Vehicle"},{"key":"last_address","value":"Address"},{"key":"battery","value":"Battery"},{"key":"speed","value":"Speed"},{"key":"last_tracked","value":"Last Track"},{"key":"srcname","value":"Source"},{"key":"destname","value":"Destination"}],"history":{},"devicemanagment":{"otheroption":{"send_device":true,"check_address":true,"battery_limit":30,"time_limit":1800000,"message_type":true}},"home":{"triplistheaders":[{"key":"truck_number","value":"Vehicle"},{"key":"__device_id__","value":"Device"},{"key":"srcname","value":"Source"},{"key":"destname","value":"Destination"},{"key":"start_time","value":"Start Time"},{"key":"reached","value":"E.T.A."},{"key":"speed","value":"Speed"},{"key":"battery","value":"Battery"},{"key":"vehicle_status","value":"Vehicle Status"},{"key":"last_address","value":"Address"},{"key":"last_tracked","value":"Last Tracked"}]},"trips":{"no_consent_suggestion":true,"otheroption":{"devices":true,"facilities":true,"hide":{"consent_btn":true}},"mandatory_fields_not_required":true,"data":{"dest_locations":[]},"mandatorinputfields":["srcname","truck_number"],"submittedtripoptions":{"multiple_dest_text_field":true,"src_text_field":true,"edit":true,"tel_placeholder":"Driver Number","share_link":true},"triplistheaders":[{"key":"__device_id__","value":"Device"},{"key":"truck_number","value":"Truck Number"},{"key":"last_tracked","value":"Last Track"},{"key":"srcname","value":"Source"},{"key":"destname","value":"Destination"},{"key":"startTime","value":"Start Time"},{"key":"base_ETA","value":" Base E.T.A."},{"key":"battery","value":"Battery"},{"key":"invoice","value":"Invoice No"}],"newtripinputfields":[{"key":"truck_number","placeholder":"Truck Number","type":"text"},{"key":"destname","no_show":true},{"key":"drops","type":"array","max_length":1,"params":[{"key":"invoice","placeholder":"Invoice"},{"key":"loc","placeholder":"Location"}]},{"key":"vendor","placeholder":"Transporter","type":"text"},{"key":"client_name","placeholder":"Client Name","type":"text"},{"key":"lr_number","placeholder":"LR Number","type":"text"},{"key":"eta_in_days","placeholder":"ETA in Days","type":"number"},{"key":"transporter_number","placeholder":"Transporter Number","type":"text"},{"key":"vehicle_capacity","placeholder":"Vehicle Capacity","type":"list","values":[{"name":"0-5 ton"},{"name":"5-10 ton"},{"name":"10-15 ton"},{"name":"15-20 ton"},{"name":"20-25 ton"},{"name":"25+ ton"}]},{"key":"eway_expiry","placeholder":"EWAY Bill Expiry Date","type":"date"}],"allowRestart":true,"static_properties":{"enableHaltReverseGeocoding":true,"haltDistThresholdMtrs":1000,"haltTimeThresholdMs":900000}},"support_enabled":true,"client":"H&S","reusable_sim":null,"filter_trips_by":["srcname"],"tracking_tag":"PROVIDER-CONFIG","location_providers":{"airtel":{"provider":"TELENITY","service":"IVRALT"},"idea":{"provider":"TELENITY","service":"IVRALT"},"vodafone":{"provider":"TELENITY","service":"IVRALT"},"jio":{"provider":"JIO","service":"DEFAULT"},"bsnl":{"provider":"TELENITY","service":"SMARTTRAIL"}},"map":{"light_theme":true},"theme":{"light":true},"srcname":"Kolkata_hilti","public_link":{"auth":{"basic":{"username":"iowD04XW4V","password":"eZHLtFGkzj"}}},"alert":[{"type":["CONSENT_PENDING","TICKET_CHAT"]}],"facilities":{"inclusive_filters":{"trip_location_type":["SOURCE"],"name":["Kolkata_hilti"]}},"tracking":{"reCalculationEnable":true}},"apisecret":{"username":"JL10cg7dMTDn2pmk0evi7CxCXIpxWLvJeYXaWQI6SC7FcX14slYnuNqwFTwMyRvC","password":"kIFmnOuezLerwG7SDl11pfpwCYgC1ShsBd4FWFaOCURzTG1229HkNp98UTssEoay"},"hash":"$2a$10$P.2FyyF8E241A.LjHD9xKulQxI/h.2lhUpWxMWAhgm52K/47PoaQC","created_by":"ops_uc","updatedAt":"2022-11-17T12:53:21.434Z","pending_payment":true},"ct_config":{"username":"hilticcuops@hssupplychain.com","token":"eyJhbGciOiJIUzI1NiIsInR5cCI6IkpXVCJ9.eyJ1c2VyIjoiaGlsdGljY3VvcHNAaHNzdXBwbHljaGFpbi5jb20iLCJjbGllbnQiOiJIJlMiLCJpYXQiOjE2OTcxOTcyODN9.l3v_xVk2Nti8n3faqPY8uKbvoXeLVKTfPZOIRBqKg6I"}}