{"sct_config":{"_id":"60700059be51d4000d4abce1","priviledge":"client","config":{"missed_call":true,"reachParams":{"geofence":5000,"geofence_in":{"trip_changes":{"endsIn":21600000}}},"modules":{"OPTED_FOR":["CONTROL_TOWER"],"CONTROL_TOWER":{"FRONTEND":{"NAV":{"title":"Control Tower","path":"/control-tower"},"BASE_URL":"https://control-tower.intutrack.com/","creds":{"URL_KEY":"token","token":"eyJ0eXAiOiJKV1QiLCJhbGciOiJIUzI1NiJ9.eyJ1c2VyIjoiaHJfbG9naXN0aWMxQHJlZGlmZi5jb20ifQ.UrCmWJIQPASHmsyNkK9-kUotv1cYJKxR-pox5Zm2vsM"}}}},"home":{"triplistheaders":[{"key":"truck_number","value":"Vehicle"},{"key":"client_name","value":"Client"},{"key":"tel","value":"Tel"},{"key":"srcname","value":"Source"},{"key":"destname","value":"Destination"},{"key":"invoice","value":"Invoice No."},{"key":"start_time","value":"Dispatch"},{"key":"reached","value":"E.T.A."},{"key":"last_tracked","value":"Last Tracked"},{"key":"eway_expiry","value":"Eway Expire"}],"homeBanner":true},"trips":{"data":{"dest_locations":[]},"mandatorinputfields":["srcname","truck_number","dest"],"submittedtripoptions":{"edit":true,"multiple_dest_text_field":true,"src_text_field":true},"newtripinputfields":[{"key":"truck_number","placeholder":"Truck Number","type":"text"},{"key":"destname","no_show":true},{"key":"drops","type":"array","max_length":1,"params":[{"key":"invoice","placeholder":"Invoice No."},{"key":"loc","placeholder":"Destination"}]},{"key":"vendor","placeholder":"Transporter","type":"text"},{"key":"eta_days","placeholder":"ETA in Days","type":"number"},{"key":"eway_expiry","placeholder":"EWAY Bill Expiry Date","type":"date"},{"key":"client_name","placeholder":"Client Name","type":"text"},{"key":"transporter_number","placeholder":"Transporter Number","type":"text"},{"key":"vehicle_capacity","placeholder":"Vehicle Capacity","type":"list","values":[{"name":"0-5 ton"},{"name":"5-10 ton"},{"name":"10-15 ton"},{"name":"15-20 ton"},{"name":"20-25 ton"},{"name":"25+ ton"}]}]},"trip_start_form":true,"pingrate":3600000,"tracking_tag":"PROVIDER-CONFIG","location_providers":{"airtel":{"provider":"TELENITY","service":"IVRALT"},"idea":{"provider":"TELENITY","service":"IVRALT"},"vodafone":{"provider":"TELENITY","service":"IVRALT"},"jio":{"provider":"JIO","service":"DEFAULT"},"bsnl":{"provider":"TELENITY","service":"SMARTTRAIL"}},"client":"HR Logistics","user_type":"postpaid","client_type":"new","public_link":{"auth":{"basic":{"username":"qIDrVOZfwQ","password":"dqOgbUjs28"}}},"alert":[{"type":["CONSENT_PENDING","TICKET_CHAT"]}],"map":{"light_theme":true},"theme":{"light":true},"tracking":{"reCalculationEnable":true}},"username":"hr_logistic1@rediff.com","apisecret":{"username":"n21Vr7VMQQiiPVVVS0yFuIacWFxjxVFPKkkHOQCGW4EbBOaNizaxaZQXd52jBoMk","password":"7w8Qt2IInS7Kxbb6IlT1DZCftzd0iK1faLfborcbF3ip7LiloC8Ru9bnzbREvoIl"},"hash":"$2a$10$GDc333P6D300.f5OxP0fouOJ1hqq5F/anm9WIDWj057UvJKafaBzq","created_by":"mandar_uc","createdAt":"2021-04-09T07:20:57.360Z","disabled":false,"disabledReason":null,"updatedAt":"2021-12-01T13:03:43.030Z","home":{"homeBanner":true}},"ct_config":{"username":"hr_logistic1@rediff.com","token":"eyJhbGciOiJIUzI1NiIsInR5cCI6IkpXVCJ9.eyJ1c2VyIjoiaHJfbG9naXN0aWMxQHJlZGlmZi5jb20iLCJjbGllbnQiOiJIUiBMb2dpc3RpY3MiLCJpYXQiOjE2OTcxMjY0ODd9.9g1oyTykyAWq808XEWhuBshfxJ-fX42WnPMh-BDASAw"}}