{"_id":"64590d121df9a3ffa2ae3a86","createdAt":"2023-05-08T14:54:10.206Z","username":"kapil.sharma@letstransport.team","password":"$2a$10$S8gOxHnl6L7Iw7oLDfyQ4eycoxs3PR.czKEyxV/rJFoem9Dy2Q.F6","client":"Lets Transport","config":{"isCalculationEnabled":false,"updateStatusPopUp":true,"newAnalytics":true,"reportType":"timeframe","extra_sheets":["Running Trips"],"filter_fields":[{"header":"Source","key":"src"},{"header":"Destination","key":"dest"},{"header":"Transporter","key":"transporter"},{"header":"City","key":"city"},{"header":"Client Name","key":"client_name"}],"search_fields":["tel","truck_number"],"filter_trips_by":{"user":"Lets Transport","running":true},"query_trips_in_ct":{"user":"Lets Transport","running":true},"extra_headers":[{"key":"SLA","value":"base_ETA","from_sct":true},{"key":"Current ETA","value":"curr_ETA","from_sct":true},{"key":"City Name","value":"city"},{"key":"Last Known Address","value":"last_known_address"},{"key":"Client Name","value":"client_name"},{"key":"Trip Created By","value":"submitted_by","from_sct":true},{"key":"Trip Created At","value":"createdAt","from_sct":true}],"table_headers":[{"header":"Status","key":"","data":false},{"header":"Actions","key":"","data":false},{"header":"Mobile","key":"tel","data":true},{"header":"Vehicle","key":"truck_number","data":true},{"header":"Tag","key":"issue_tag","data":true},{"header":"Start Date and Time","key":"startTime","data":true},{"header":"Source","key":"src","data":true},{"header":"Destination","key":"dest","data":true},{"header":"Transporter","key":"transporter","data":true,"sorting":true},{"header":"Duration","key":"issue_value","data":false},{"header":"Last Known Address","key":"last_known_address","data":false},{"header":"City Name","key":"city","data":false},{"header":"Client Name","key":"client_name","data":false},{"header":"Latest Remark","key":"actions.0.subtag","data":false}],"issues":[{"tag":"Other Operator","func":"detect_other_operator","params":[{"time_threshold":0,"priority":"HIGH","rep_allowed":true}]},{"tag":"Delay","func":"detect_delay","disabledGeofenceCalculation":{"defaultRadius":5000},"params":[{"time_threshold":60,"priority":"LOW","rep_allowed":false},{"time_threshold":120,"priority":"MEDIUM","rep_allowed":false},{"time_threshold":180,"priority":"HIGH","rep_allowed":false}]},{"tag":"Halt","func":"detect_halt","disabledGeofenceCalculation":{"defaultRadius":5000},"params":[{"time_threshold":120,"priority":"LOW","rep_allowed":true},{"time_threshold":240,"priority":"MEDIUM","rep_allowed":true},{"time_threshold":360,"priority":"HIGH","rep_allowed":true}]},{"tag":"Reverse Movement","func":"detect_reverse_movement","params":[{"time_threshold":30,"priority":"LOW","rep_allowed":true},{"time_threshold":240,"priority":"MEDIUM","rep_allowed":true},{"time_threshold":480,"priority":"HIGH","rep_allowed":true}]},{"tag":"Not Tracked","func":"detect_not_tracked","params":[{"time_threshold":120,"priority":"LOW","rep_allowed":true},{"time_threshold":240,"priority":"MEDIUM","rep_allowed":true},{"time_threshold":360,"priority":"HIGH","rep_allowed":true}]},{"tag":"Consent Status","func":"detect_consent_status","params":[{"priority":"HIGH","time_threshold":30,"rep_allowed":true}]}],"allowReload":true,"data_table":[{"key":"tripId","value":"_id"},{"key":"user","value":"user"},{"key":"running","value":"running"},{"key":"src","value":"srcname"},{"key":"dest","value":"destname"},{"key":"tel","value":"tel","chaining":"tel?.[0]"},{"key":"truck_number","value":"truck_number"},{"key":"startTime","value":"startTime"},{"key":"transporter","value":"vendor"},{"key":"invoice","value":"invoice"},{"key":"public_link","value":"public_link"},{"key":"city","value":"city"},{"key":"client_name","value":"client_name"},{"key":"last_known_address","value":"last_known_address","proj":"$ping.address"}]}}