{"sct_config":{"_id":"637b5c204117770008dfb89b","createdAt":"2022-11-21T11:08:16.916Z","priviledge":"client","username":"kapoorsmanish@gmail.com","password":null,"config":{"missed_call":true,"pingrate":900000,"extra_headers":[],"epod_enabled":true,"epod_stuff":{"data":{"username":"dimple.kodwani@leapindia.net","password":"dk@123","client":"LEAP_INDIA","clients":["LEAP_INDIA"],"filters_by":[{"key":"transporter","values":["LOGISTICS TECK LLP","Suraksha Logistics"]},{"key":"secondary_vendor","values":["SURAKSHA LOGISTICS"]}]}},"app_navigation_lethan":[{"key":"NAV_LETHAN","text":"Status Updates","desc":"Status Updates","url":"https://d8ni6op2f8qee.cloudfront.net/app_assets/form.png","introduced":{"version":"1.0.14","nav_message":{"outline_color":1,"text":"New!"}},"web_url":"https://sct.intutrack.com/?#!/app-trips"}],"modules":{"OPTED_FOR":["INDENT_MANAGEMENT"],"INDENT_MANAGEMENT":{"FRONTEND":{"NAV":{"title":"Indent","path":"/indent"},"BASE_URL":"https://indent-test.intutrack.com/indents","creds":{"URL_KEY":"token","token":"eyJ0eXAiOiJKV1QiLCJhbGciOiJIUzI1NiJ9.eyJ1c2VybmFtZSI6ImRpbXBsZS5rb2R3YW5pQGxlYXBpbmRpYS5uZXQiLCJ1c2VyIjoiTEVBUCBJTkRJQSIsImNsaWVudF9jb2RlIjoiTFBJIiwicHJpdmlsZWdlIjpbImNsaWVudCJdLCJlbWFpbCI6Im1hbmRhckBpbnR1Z2luZS5jb20ifQ.mGxKsXtNyQ20OGTQm_04C9vC_fvP3wliVIxv5jSf9EQ"}}}},"home":{"triplistheaders":[{"key":"truck_number","value":"Vehicle"},{"key":"tel","value":"Tel"},{"key":"srcname","value":"Source"},{"key":"destname","value":"Destination"},{"key":"plant_name","value":"Plant Name"},{"key":"client_name","value":"Client name"},{"key":"vendor","value":"Transporter"},{"key":"invoice","value":"Invoice"},{"key":"freight_rate","value":"Freight Rate"},{"key":"start_time","value":"Start Time"},{"key":"reached","value":"E.T.A."},{"key":"last_tracked","value":"Last Tracked"},{"key":"vehicle_type","value":"Vehicle Type"},{"key":"eta_days","value":"SLA in Days"},{"key":"tracking_type","value":"Tracking Type"},{"key":"salesOrderNumber","value":"Sales Order Number"},{"key":"plant_name","value":"Plant Name"},{"key":"documentType","value":"Document Type"}],"options":{"additional_filters":[{"key":"client_name","label":"Client name"},{"key":"plant_name","label":"Plant Name"}]}},"trips":{"no_consent_suggestion":true,"submittedtripoptions":{"multiple_dest_text_field":true,"src_text_field":true,"edit":true,"dest_mandatory":true,"share_link":true,"req_fields_for_submit":["destname","srcname"],"manual_events":true,"hide_end_trip":true},"otheroption":{"default_epod_enable":true,"facilities":true,"default_epod_select":true,"master_data_list":[{"key":"customer_code","parameter":"customer_code_list","form_keys":["customer_code"]}],"show_rcdl_details":true,"trip_start_on_gate_out":true,"fields_to_edit":["tel","truck_number","dl_number","driver_dob"],"hide_newtrip_button":true,"download_report":true},"data":{"dest_locations":[],"action_data":[{"key":"vendor","value":"LOGISTICS TECK LLP","data":[{"key":"secondary_vendor","values":[{"name":"DELHIVERY"},{"name":"GABRIEL UNION"},{"name":"ICM LOGISTICS"},{"name":"ZAM ZAM LOGISTICS"},{"name":"YRC LOGISTICS"},{"name":"TULJA BHAVANI"},{"name":"SURAKSHA LOGISTICS"},{"name":"SIDDHANT VENTURES"},{"name":"SHIVAM ROADWAYS"},{"name":"SHIVA LOGISTICS"},{"name":"MAKK CARGO SERVICES"},{"name":"AS Logistics"},{"name":"Prozo Distribution Private Limited"}]}]},{"key":"vendor","value":"BLOOMING LOGISTICS AND WAREHOUSING SERVICES LLP","data":[{"key":"secondary_vendor","values":[{"name":"JPS LOGISTICS"},{"name":"SHREE SHIPPING SERVICES"}]}]}]},"mandatorinputfields":["srcname"],"triplistheaders":[{"key":"tel","value":"Device"},{"key":"truck_number","value":"Truck Number"},{"key":"status","value":"Status"},{"key":"last_tracked","value":"Last Track"},{"key":"srcname","value":"Source"},{"key":"destname","value":"Destination"},{"key":"plant_name","value":"Plant Name"},{"key":"client_name","value":"Client name"},{"key":"freight_rate","value":"Freight Rate"},{"key":"startTime","value":"Start Time"},{"key":"base_ETA","value":" Base E.T.A."},{"key":"eway_expiry","value":"Eway Expiry"},{"key":"operator","value":"Operator"},{"key":"invoice","value":"Docket No"},{"key":"vehicle_type","value":"Vehicle Type"},{"key":"createdAt","value":"Submitted At"},{"key":"spLoadingDate","value":"Placement Date"},{"key":"eta_days","value":"SLA in Days"},{"key":"unique_number","value":"Unique Number"},{"key":"tracking_type","value":"Tracking Type"},{"key":"indent_status","value":"Indent Status"},{"key":"gate_events","value":"Gate Events"},{"key":"indent_status","value":"Indent Status"},{"key":"salesOrderNumber","value":"Sales Order Number"},{"key":"documentType","value":"Document Type"}],"newtripinputfields":[{"key":"truck_number","placeholder":"Truck Number","type":"text","action_name":"check_vahan_data"},{"key":"vendor","placeholder":"Transporter","type":"list","action_name":"set_dropdown_data","values":[{"name":"ACTIVE ENTERPRISES"},{"name":"LOGISTICS TECK LLP"},{"name":"BLOOMING LOGISTICS AND WAREHOUSING SERVICES LLP"},{"name":"KUNAL ENTERPRISES"},{"name":"NV LOGISTICS PVT LTD"},{"name":"SHRIRAM TRANS PACKERS & MOVERS"},{"name":"OM LOGISTICS LTD."}]},{"key":"secondary_vendor","placeholder":"Secondary Transporter","type":"list","values":[]},{"key":"wh_code","placeholder":"WH Code","type":"list","values":[{"name":"GJ04"},{"name":"HY06"},{"name":"HY08"},{"name":"JH02"},{"name":"KA02"},{"name":"KA03"},{"name":"MH02"},{"name":"MH07"},{"name":"MH08"},{"name":"MP02"},{"name":"OD03"},{"name":"PB01"},{"name":"TL02"},{"name":"TN02"},{"name":"UP03"},{"name":"UP05"},{"name":"UP06"},{"name":"UT01"},{"name":"WB03"},{"name":"WB04"}]},{"key":"src_region","placeholder":"Source Region","type":"list","values":[{"name":"NORTH"},{"name":"SOUTH"},{"name":"EAST"},{"name":"WEST"}]},{"key":"client_name","placeholder":"Client Name","type":"text"},{"key":"u_lob","placeholder":"U LOB","type":"list","values":[{"name":"FMCG"},{"name":"AUTO"}]},{"key":"customer_code","placeholder":"Customer Code","type":"list","values":[]},{"key":"destname","no_show":true},{"key":"drops","type":"array","max_length":1,"params":[{"key":"invoice","placeholder":"Docket No."},{"key":"loc","placeholder":"Destination"}]},{"key":"eta_days","placeholder":"ETA","type":"number"},{"key":"eway_expiry","placeholder":"EWAY Bill Expiry Date","type":"date"},{"key":"dest_region","placeholder":"Destination Region","type":"list","values":[{"name":"NORTH"},{"name":"SOUTH"},{"name":"EAST"},{"name":"WEST"}]},{"key":"vehicle_capacity","placeholder":"Vehicle Capacity","type":"list","values":[{"name":"0-5 ton"},{"name":"5-10 ton"},{"name":"10-15 ton"},{"name":"15-20 ton"},{"name":"20-25 ton"},{"name":"25+ ton"}]},{"key":"dl_number","placeholder":"Driving Licence Number","type":"text","action_name":"check_dl_data"},{"key":"driver_dob","placeholder":"Driver DOB","type":"date","action_name":"check_dl_data"},{"key":"freight_rate","placeholder":"Freight Rate","type":"text"},{"key":"vehicle_type","placeholder":"Vehicle Type","type":"list","values":[{"name":"Trailer 40'"},{"name":"32ft MXLHq"},{"name":"32ft MXL"},{"name":"32ft SXL"},{"name":"24ft"},{"name":"22ft"},{"name":"20ft"},{"name":"19ft"},{"name":"17ft"},{"name":"16ft"},{"name":"14ft"},{"name":"Tata 407"},{"name":"mahindra pick up"},{"name":"Tata ace"}]},{"key":"spLoadingDate","placeholder":"Placement Date","type":"date"},{"key":"unique_number","placeholder":"Unique Number","type":"text"},{"key":"indent_status","placeholder":"Indent Status","type":"list","values":[{"name":"Approved"},{"name":"Cancelled"}]},{"key":"plant_name","placeholder":"Plant Name","type":"text"}],"report_header":[{"key":"tel","value":"Device"},{"key":"truck_number","value":"Truck Number"},{"key":"status","value":"Status"},{"key":"last_tracked","value":"Last Track"},{"key":"srcname","value":"Source"},{"key":"destname","value":"Destination"},{"key":"freight_rate","value":"Freight Rate"},{"key":"startTime","value":"Start Time"},{"key":"operator","value":"Operator"},{"key":"invoice","value":"Docket No"},{"key":"vehicle_type","value":"Vehicle Type"},{"key":"createdAt","value":"Submitted At","type":"date"},{"key":"base_ETA","value":"Base SLA","type":"date"},{"key":"curr_ETA","value":"Actual SLA","type":"date"},{"key":"secondary_vendor","value":"Secondary Transporter"},{"key":"vehicle_type","value":"Vehicle Type"},{"key":"spLoadingDate","value":"Placement Date","type":"date"},{"key":"wh_code","value":"Warehouse Code"},{"key":"customer_code","value":"CustomerCode"},{"key":"src_region","value":"Source Zone"},{"key":"dest_region","value":"Destination Zone"},{"key":"vendor","value":"Transporter"},{"key":"tracking_type","value":"Tracking Type"},{"key":"gate_events","value":"Gate Events"},{"key":"indent_status","value":"Indent Status"},{"key":"gate_in","value":"Gate In"},{"key":"gate_out","value":"Gate Out"},{"key":"src_gate_duration","value":"Source Gate Duration"},{"key":"source_in_time","value":"Source In Time"},{"key":"actual_src_out_time","value":"Source Out Time"},{"key":"loading_duration","value":"Loading Time"},{"key":"actual_dest_in_time","value":"Destination In Time"},{"key":"dest_out_time","value":"Destination Out Time"},{"key":"unloading_duration","value":"Unloading Time"},{"key":"submitted_by","value":"Submitted By"},{"key":"salesOrderNumber","value":"Sales Order Number"},{"key":"plant_name","value":"Plant Name"},{"key":"documentType","value":"Document Type"}],"distance_based_tat":{"distance":300000},"master_data":[{"key":"vendor+secondary_vendor","trip_start_fields":["transporter_emails"]}],"master_fetch_enabled":true,"endable_submitted_trips_update":true,"search_fields":["salesOrderNumber","spsalesOrderNumber"],"static_properties":{"do_epod":true}},"trip_start_form":true,"support_enabled":true,"client":"LEAP INDIA","reusable_sim":null,"tracking_tag":"PROVIDER-CONFIG","location_providers":{"airtel":{"provider":"TELENITY","service":"SMARTTRAILSHORT"},"idea":{"provider":"TELENITY","service":"SMARTTRAILSHORT"},"vodafone":{"provider":"TELENITY","service":"SMARTTRAILSHORT"},"jio":{"provider":"JIO","service":"DEFAULT"},"bsnl":{"provider":"TELENITY","service":"SMARTTRAIL"}},"reports":{"report_extra_columns":[{"key":"freight_rate","placeholder":"Freight Rate"},{"key":"base_ETA","placeholder":"Base SLA","type":"date"},{"key":"curr_ETA","placeholder":"Actual SLA","type":"date"},{"key":"delay_formatted","placeholder":"SLA Difference"},{"key":"secondary_vendor","placeholder":"Secondary Transporter"},{"key":"vehicle_type","placeholder":"Vehicle Type"},{"key":"spLoadingDate","placeholder":"Placement Date","type":"date"},{"key":"tracking_type","placeholder":"Tracking Type"},{"key":"gate_events","placeholder":"Gate Events"},{"key":"indent_status","placeholder":"Indent Status"},{"key":"gate_in","placeholder":"Gate In"},{"key":"gate_out","placeholder":"Gate Out"},{"key":"src_gate_duration","placeholder":"Source Gate Duration"},{"key":"source_in_time","placeholder":"Source In Time"},{"key":"actual_src_out_time","placeholder":"Source Out Time"},{"key":"loading_duration","placeholder":"Loading Time"},{"key":"actual_dest_in_time","placeholder":"Destination In Time"},{"key":"dest_out_time","placeholder":"Destination Out Time"},{"key":"unloading_duration","placeholder":"Unloading Time"},{"key":"submitted_by","placeholder":"Submitted By"},{"key":"salesOrderNumber","placeholder":"Sales Order Number"},{"key":"plant_name","placeholder":"Plant Name"},{"key":"documentType","placeholder":"Document Type"}],"mis":{"test":{"recipients":["niranjan@intugine.com"]},"prod":{"recipients":["support@intugine.com","dimple.kodwani@leapindia.net","subrat.samantaray@leapindia.net","shraddha.thakur@leapindia.net","klarrisa.dsouza@leapindia.net","allwyn.varghese@leapindia.net","venisha.pinto@leapindia.net","ankesh.velonde@leapindia.net","manohar.gajula@leapindia.net","yogesh.zad@leapindia.net","kinnari.shah@leapindia.net","sameer.ahuja@leapindia.net","esha.mohan@leapindia.net"]}},"extra_triplistheaders":[{"key":"indent_status","value":"Indent Status"},{"key":"salesOrderNumber","value":"Sales Order Number"},{"key":"plant_name","value":"Plant Name"},{"key":"documentType","value":"Document Type"}]},"map":{"light_theme":true},"theme":{"light":true},"tracking":{"invalid_location_vendors":["WHEELSEYE"],"reset_distance_travelled":"ON_SOURCE_IN","parallel_fastag_fallback":true},"public_link":{"auth":{"basic":{"username":"wgAxROLM1A","password":"0razA7lHl7"}}},"alert":[{"type":["CONSENT_PENDING","TICKET_CHAT"]}],"vendor":["Suraksha Logistics"],"secondary_vendor":"SURAKSHA LOGISTICS","reachParams":{"geofence":7000,"geofence_out":{"trip_changes":{"endsIn":1000}}},"history":{"extra_triplistheaders":[{"key":"vehicle_type","value":"Vehicle Type"},{"key":"salesOrderNumber","value":"Sales Order Number"},{"key":"plant_name","value":"Plant Name"},{"key":"documentType","value":"Document Type"},{"key":"client_name","value":"Client name"}]},"alerts":{"halt":{"recipients":{"internal":["support@intugine.com"],"client":["support@intugine.com"]},"haltParams":[{"durationThreshold":21600000,"sendOncePerHalt":true,"recipients":[]}]}},"logo":{"url":"https://assetsstatic.s3.ap-south-1.amazonaws.com/leap_india_logo.png","direction":"left"},"filter_trips_by":["vendor","secondary_vendor"]},"hash":"$2a$10$EH5WR6Hi71p/K.QYMVaoeOg2wxTiSwBstdIwOCtxe0vnMbrw/8ZAS","apisecret":{"username":"KAzAkoPuo4xl285T6GXJGxlPCN9w5Bv16ttqF6JmDEi0Au1LkYhRbNBCZCXVn75F","password":"W1zknW8rP2T3m3KAS7bmZnyo0W3e5mPJ116sweyOuvcHmZhAbK6lawCqaP9win32"},"created_by":"yashu_uc","updatedAt":"2023-06-06T05:03:55.115Z"},"ct_config":{"username":"kapoorsmanish@gmail.com","token":"eyJhbGciOiJIUzI1NiIsInR5cCI6IkpXVCJ9.eyJ1c2VyIjoia2Fwb29yc21hbmlzaEBnbWFpbC5jb20iLCJjbGllbnQiOiJMRUFQIElORElBIiwiaWF0IjoxNjg2NTUyOTIxfQ.4xo9UfgsddmCVhYrN7eFP0ut9Ua7sMz5HyGIBfty8H4"}}