{"sct_config":{"_id":"60c88e2349e93a26a9dc81b6","priviledge":"client","config":{"app_navigation":["NAV_HOME","NAV_TIMELINE","NAV_HISTORY","NAV_SUPPORT"],"show_pages":["/home","/device_mgmt","/timeline","/history","/reports","/all-tracker"],"extra_headers":[{"title":"Device managment","path":"/device_mgmt","show":true}],"gps_device":true,"missed_call":true,"pingrate":3600000,"trip_start_form":true,"client":"FKT_Main","marker_on_hover":[{"key":"__device_id__","value":"Device"},{"key":"truck_number","value":"Vehicle"},{"key":"last_address","value":"Address"},{"key":"battery","value":"Battery"},{"key":"speed","value":"Speed"},{"key":"last_tracked","value":"Last Track"}],"history":{},"devicemanagment":{"otheroption":{"send_device":false,"check_address":true,"battery_limit":30,"time_limit":1800000,"message_type":true,"start_trip":true,"end_trip":true},"newtripinputfields":[{"key":"truck_number","placeholder":"Truck Number","type":"text"},{"key":"vendor","placeholder":"Transporter","type":"text"},{"key":"eta_in_hrs","placeholder":"ETA in HRS","type":"number"}]},"home":{"otheroption":{"hide":{"background_colour":true,"pending_trip_counter":true,"map_markers":true},"set_halted_background_colour":true},"triplistheaders":[{"key":"truck_number","value":"Vehicle"},{"key":"__device_id__","value":"Device"},{"key":"srcname","value":"Source"},{"key":"destname","value":"Destination"},{"key":"start_time","value":"Start Time"},{"key":"reached","value":"E.T.A."},{"key":"speed","value":"Speed"},{"key":"battery","value":"Battery"},{"key":"vehicle_status","value":"Vehicle Status"},{"key":"last_address","value":"Address"},{"key":"last_tracked","value":"Last Tracked"}],"customise_report":true,"report_header":[{"key":"__device_id__","value":"Device"},{"key":"truck_number","value":"Vehicle"},{"key":"srcname","value":"Source"},{"key":"destname","value":"Destination"},{"key":"trip_start_time","value":"Start Date"},{"key":"battery","value":"Battery"},{"key":"speed","value":"Speed"},{"key":"vehicle_status","value":"Vehicle Status"},{"key":"last_tracked","value":"Last Tracked"},{"key":"last_address","value":"Last Known Location"},{"key":"trip_eta","value":"ETA"},{"key":"distance_travelled","value":"Distance Travelled (km)"},{"key":"distance_remained","value":"Distance Remaining (km)"},{"key":"geofence_in_time","value":"Geofence In Time"},{"key":"geofence_out_time","value":"Geofence Out Time"}],"homeBanner":true},"trips":{"no_consent_suggestion":true,"otheroption":{"devices":true,"facilities":true,"hide":{"consent_btn":true}},"mandatory_fields_not_required":true,"data":{"dest_locations":[]},"allowRestart":true,"static_properties":{"enableHaltReverseGeocoding":true,"haltDistThresholdMtrs":1000,"haltTimeThresholdMs":900000},"newtripinputfields":[{"key":"eway_expiry","placeholder":"EWAY Bill Expiry Date","type":"date"},{"key":"client_name","placeholder":"Client Name","type":"text"},{"key":"vendor","placeholder":"Transporter Name","type":"text"},{"key":"transporter_number","placeholder":"Transporter Number","type":"text"},{"key":"vehicle_capacity","placeholder":"Vehicle Capacity","type":"list","values":[{"name":"0-5 ton"},{"name":"5-10 ton"},{"name":"10-15 ton"},{"name":"15-20 ton"},{"name":"20-25 ton"},{"name":"25+ ton"}]}]},"support_enabled":true,"submitted_by":"kishan.v@flipkart.com","alert":[{"type":["CONSENT_PENDING","TICKET_CHAT"]}],"public_link":{"auth":{"basic":{"username":"19Y0dPJC","password":"KWoHZ29K"}}},"location_providers":{"airtel":{"provider":"TELENITY","service":"IVRALT"},"idea":{"provider":"TELENITY","service":"IVRALT"},"vodafone":{"provider":"TELENITY","service":"IVRALT"},"jio":{"provider":"JIO","service":"DEFAULT"},"bsnl":{"provider":"TELENITY","service":"SMARTTRAIL"}},"tracking_tag":"PROVIDER-CONFIG","map":{"light_theme":true},"theme":{"light":true},"tracking":{"webhookQueueLocationPayloadStrategy":"flipkart","webhookQueuePushEnabled":true,"reCalculationEnable":true},"trackingServerMig":true,"otp_auth":true},"username":"kishan.v@flipkart.com","apisecret":{"username":"g7oqbkSc3uQ9kFOPemA6ZvgsV8Y5oUWR4oZroP0l52wOdfLR5KzyJLJXcdqgB6gU","password":"Gd3cjBuLZFOoq3JBrm1WcgshfPGkr5RjzjDNe3SCQk2Nrsd3JjiYKRsTyxhGtGJf"},"hash":"$2a$10$U4FB5Y9JslOlUl2PgUG2WevY7fyBdwNKaukoVnHMoHIOVypqttwTu","createdAt":"2021-06-15T11:25:23.163Z","home":{"homeBanner":true},"updatedAt":"2024-03-18T09:25:07.311Z","email":"kishan.v@flipkart.com"},"ct_config":{"username":"kishan.v@flipkart.com","token":"eyJhbGciOiJIUzI1NiIsInR5cCI6IkpXVCJ9.eyJ1c2VyIjoia2lzaGFuLnZAZmxpcGthcnQuY29tIiwiY2xpZW50IjoiRktUIiwiaWF0IjoxNzEwODU5MTMzfQ.y6J8U3tVq3SyV5QNAwrinuZcDIWFrga2vOv2FaRJaew"}}