{"sct_config":{"_id":"5fbf8e1b533ffd000969e0e8","username":"lakshmi.m@gmmcoindia.com","priviledge":"client","config":{"missed_call":true,"reachParams":{"geofence":5000,"geofence_in":{"trip_changes":{"endsIn":21600000}}},"modules":{"OPTED_FOR":["CONTROL_TOWER"],"CONTROL_TOWER":{"FRONTEND":{"NAV":{"title":"Control Tower","path":"/control-tower"},"BASE_URL":"https://control-tower.intutrack.com","creds":{"URL_KEY":"token","token":"eyJ0eXAiOiJKV1QiLCJhbGciOiJIUzI1NiJ9.eyJ1c2VyIjoibGFrc2htaS5tQGdtbWNvaW5kaWEuY29tIn0.6HcjoGmc-Qq3jIcbricV0SJ-9gt3Tt3YgYcrcKTfDR0"}}}},"home":{"triplistheaders":[{"key":"machine_serial_no","value":"Machine Serial No"},{"key":"invoice","value":"Invoice No."},{"key":"srcname","value":"Source"},{"key":"destname","value":"Destination"},{"key":"vendor","value":"Transporter"},{"key":"status","value":"Tracking Status"},{"key":"tel","value":"Tel"},{"key":"truck_number","value":"Vehicle"},{"key":"lr_number","value":"LR No."},{"key":"start_time","value":"Start Time"},{"key":"reached","value":"E.T.A"},{"key":"f_base_ETA","value":"Base ETA"},{"key":"ewb_no","value":"EWB No"},{"key":"eway_expiry","value":"Eway Expire"},{"key":"client_name","value":"Client"},{"key":"division","value":"Division"},{"key":"last_address","value":"Last Track Location"},{"key":"last_tracked","value":"Last Tracked"}],"homeBanner":true,"customise_report":true,"report_header":[{"key":"machine_serial_no","value":"Machine Serial No"},{"key":"invoice","value":"Invoice No."},{"key":"srcname","value":"Source"},{"key":"destname","value":"Destination"},{"key":"vendor","value":"Transporter"},{"key":"truck_number","value":"Vehicle"},{"key":"track_status","value":"Tracked Status"},{"key":"tel","value":"Tel"},{"key":"start_time","value":"Start Time"},{"key":"f_base_ETA","value":"Base ETA"},{"key":"reached","value":"E.T.A."},{"key":"source_in_time","value":"Source In Time"},{"key":"destination_geofence_time","value":"Destination Reached Time"},{"key":"last_address","value":"Last Track Location"},{"key":"last_tracked","value":"Last Tracked"},{"key":"division","value":"Division"},{"key":"client_name","value":"Client"},{"key":"lr_number","value":"LR No."},{"key":"ewb_no","value":"EWB No"},{"key":"eway_expiry","value":"Eway Expire"}]},"trips":{"data":{"dest_locations":[]},"mandatorinputfields":["srcname","dest","tel"],"submittedtripoptions":{"edit":true,"multiple_dest_text_field":true,"src_text_field":true},"newtripinputfields":[{"key":"truck_number","placeholder":"Truck Number","type":"text"},{"key":"destname","no_show":true},{"key":"drops","type":"array","max_length":1,"params":[{"key":"invoice","placeholder":"Invoice No."},{"key":"lr_number","placeholder":"LR Number"},{"key":"loc","placeholder":"Location"}]},{"key":"vendor","placeholder":"Transporter","type":"list","values":[{"name":"Reach Cargo CHN"},{"name":"Reach Cargo GOA"},{"name":"Allied Transport"},{"name":"Fairmacs"},{"name":"Super Deluxe"},{"name":"Premier Transport"},{"name":"Creative Manufacturing Solutions"},{"name":"CJ DARCL Logistics Ltd"},{"name":"MRC Logistics India Pvt Ltd"},{"name":"tcifreight"}]},{"key":"ewb_no","placeholder":"EWB No","type":"text"},{"key":"division","placeholder":"Division","type":"list","action_name":"mandatory_fields","mandatory_fields":[{"Equipments":["machine_serial_no"]}],"values":[{"name":"Parts"}]},{"key":"machine_serial_no","placeholder":"Machine Serial No","type":"text"},{"key":"eta_days","placeholder":"ETA in Days","type":"number"},{"key":"eway_expiry","placeholder":"EWAY Bill Expiry Date","type":"date"},{"key":"client_name","placeholder":"Client","type":"text"},{"key":"transporter_number","placeholder":"Transporter Number","type":"text"},{"key":"vehicle_capacity","placeholder":"Vehicle Capacity","type":"list","values":[{"name":"0-5 ton"},{"name":"5-10 ton"},{"name":"10-15 ton"},{"name":"15-20 ton"},{"name":"20-25 ton"},{"name":"25+ ton"}]}],"otheroption":{"devices":true,"facilities":true},"uniq_trip_key":"src_machine_serial_no","properties_by_value":{"keyname":"division","properties":{"Equipments":{"haltAlertConfigId":"6177af828b8d1b54d47cc3a3"},"Parts":{"haltAlertConfigId":"5fbb50fbaff3520008fb212c"}}},"triplistheaders":[{"key":"machine_serial_no","value":"Machine Serial No"},{"key":"tel","value":"Device"},{"key":"operator","value":"Operator"},{"key":"status","value":"Status"},{"key":"last_tracked","value":"Last Track"},{"key":"truck_number","value":"Truck Number"},{"key":"srcname","value":"Source"},{"key":"destname","value":"Destination"},{"key":"base_ETA","value":" Base E.T.A."},{"key":"lr_number","value":"LR No"},{"key":"invoice","value":"Invoice No."},{"key":"vendor","value":"Transporter"},{"key":"ewb_no","value":"EWB No"},{"key":"eway_expiry","value":"Eway Expire"},{"key":"division","value":"Division"},{"key":"startTime","value":"Start Time"},{"key":"vendor","value":"Transporter"},{"key":"eta_days","value":"ETA in Days"}]},"trip_start_form":true,"pingrate":3600000,"client":"GMMCO INDIA","user_type":"postpaid","client_type":"new","public_link":{"auth":{"basic":{"username":"5gR1el7sD2","password":"v7sg7xcC1R"}}},"alert":[{"type":["CONSENT_PENDING","TICKET_CHAT"]}],"reusable_sim":null,"useAndThrowDeviceTrackingEnabled":true,"location_providers":{"airtel":{"provider":"TELENITY","service":"IVRALT"},"idea":{"provider":"TELENITY","service":"IVRALT"},"vodafone":{"provider":"TELENITY","service":"IVRALT"},"jio":{"provider":"JIO","service":"DEFAULT"},"bsnl":{"provider":"TELENITY","service":"SMARTTRAIL"}},"tracking_tag":"PROVIDER-CONFIG","map":{"light_theme":true},"theme":{"light":true},"reports":{"report_header":[{"key":"machine_serial_no","value":"Machine Serial No"},{"key":"invoice","value":"Invoice No."},{"key":"srcname","value":"Source"},{"key":"destname","value":"Destination"},{"key":"vendor","value":"Transporter"},{"key":"truck_number","value":"Vehicle"},{"key":"track_status","value":"Tracked Status"},{"key":"tel","value":"Tel"},{"key":"start_time","value":"Start Time"},{"key":"f_base_ETA","value":"Base ETA"},{"key":"reached","value":"E.T.A."},{"key":"source_in_time","value":"Source In Time"},{"key":"destination_geofence_time","value":"Destination Reached Time"},{"key":"last_address","value":"Last Track Location"},{"key":"last_tracked","value":"Last Tracked"},{"key":"division","value":"Division"},{"key":"client_name","value":"Client"},{"key":"lr_number","value":"LR No."},{"key":"ewb_no","value":"EWB No"},{"key":"eway_expiry","value":"Eway Expire"}],"tracking_success":{"prod":{"recipients":["johncarnel@gmmcoindia.com","muthukumar.m@gmmcoindia.com","chittibabu@fairmacs.com","vinodhkumar.c@gmmcoindia.com","hidayathullah.m@gmmcoindia.com","appavuraja.b@gmmcoindia.com"]}}},"filter_trips_by":["division"],"division":["Parts"],"alerts":{"halt":{"isTripLevel":true,"recipients":{"internal":["mandar@intugine.com","support@intugine.com"],"client":[]},"haltParams":[{"durationThreshold":21600000,"sendOncePerHalt":true,"recipients":["appavuraja.b@gmmcoindia.com","hidayathullah.m@gmmcoindia.com"]},{"durationThreshold":43200000,"sendOncePerHalt":true,"recipients":["muthukumar.m@gmmcoindia.com"]},{"durationThreshold":86400000,"sendOncePerHalt":true,"recipients":["muthukumar.m@gmmcoindia.com"]}]}},"tracking":{"reCalculationEnable":true}},"apisecret":{"username":"GsOOmdd92Kj3oeOfcpRWN3ZOl1biSlxXVXpn98U4iN8apssO6cH6rlSSP6bVvkiP","password":"8bDmGWSMyiF16pdQAzxzeMVZl3yYo3p3RcZCjv6H5L6cGg4BBB1bE2ssfPeaza8I"},"hash":"$2a$10$EBgSw.W8ciiplOvwBNEBOuGMzyTsyy6kHBn/8denNyN.j2NJpmMlK","created_by":"mandar_uc","createdAt":"2020-11-26T11:14:35.071Z","updatedAt":"2023-09-27T11:44:01.308Z","disabled":false,"home":{"homeBanner":true},"disabledReason":null},"ct_config":{"username":"lakshmi.m@gmmcoindia.com","token":"eyJhbGciOiJIUzI1NiIsInR5cCI6IkpXVCJ9.eyJ1c2VyIjoibGFrc2htaS5tQGdtbWNvaW5kaWEuY29tIiwiY2xpZW50IjoiR01NQ08gSU5ESUEiLCJpYXQiOjE2OTcxMTA2ODl9._hBwf-L8CYRhHs1YY7pOan5Ee-_gTzJWADftvrlGkFo"}}