{"sct_config":{"_id":"615adb78caba0f000910dd24","createdAt":"2021-10-04T10:46:16.906Z","username":"lanxess","priviledge":"client","config":{"tracking":{"webhookQueuePushEnabled":true,"webhookQueueLocationPayloadStrategy":"Nicer Globe","reCalculationEnable":true},"app_navigation":["NAV_HOME","NAV_TIMELINE","NAV_HISTORY","NAV_SUPPORT"],"reachParams":{"geofence":15000,"geofence_in":{"trip_changes":{}},"geofence_out":{"trip_changes":{}}},"extra_headers":[{"title":"Device managment","path":"/device_mgmt","show":true}],"gps_device":true,"missed_call":true,"pingrate":900000,"trip_start_form":true,"marker_on_hover":[{"key":"__device_id__","value":"Device"},{"key":"truck_number","value":"Vehicle"},{"key":"last_address","value":"Address"},{"key":"battery","value":"Battery"},{"key":"speed","value":"Speed"},{"key":"last_tracked","value":"Last Track"},{"key":"srcname","value":"Source"},{"key":"destname","value":"Destination"}],"history":{},"devicemanagment":{"otheroption":{"send_device":true,"check_address":true,"battery_limit":20,"time_limit":21600000,"message_type":true}},"home":{"triplistheaders":[{"key":"truck_number","value":"Vehicle"},{"key":"__device_id__","value":"Device"},{"key":"srcname","value":"Source"},{"key":"destname","value":"Destination"},{"key":"client_name","value":"Client Name"},{"key":"start_time","value":"Start Time"},{"key":"reached","value":"E.T.A."},{"key":"speed","value":"Speed"},{"key":"battery","value":"Battery"},{"key":"vehicle_status","value":"Vehicle Status"},{"key":"last_address","value":"Address"},{"key":"last_tracked","value":"Last Tracked"},{"key":"awb_number","value":"AWB number"}],"otheroption":{"filter_reached":true}},"trips":{"no_consent_suggestion":true,"otheroption":{"devices":true,"facilities":true,"hide":{"consent_btn":true},"show_rcdl_details":true,"master_data_list":[{"key":"start_location","parameter":"start_location_list","form_keys":["start_location"]},{"key":"end_location","parameter":"end_location_list","form_keys":["end_location"]},{"key":"trip_name","parameter":"trip_name_list","form_keys":["trip_name"]}]},"mandatory_fields_not_required":true,"data":{"dest_locations":[]},"mandatorinputfields":["srcname","truck_number","device_receiver_name","device_receiver_number"],"submittedtripoptions":{"multiple_dest_text_field":true,"src_text_field":true,"edit":true,"tel_placeholder":"Driver Number","share_link":true,"reverse_logistics":true,"to_be_receive_device":true},"triplistheaders":[{"key":"__device_id__","value":"Device"},{"key":"truck_number","value":"Truck Number"},{"key":"last_tracked","value":"Last Track"},{"key":"srcname","value":"Source"},{"key":"destname","value":"Destination"},{"key":"startTime","value":"Start Time"},{"key":"base_ETA","value":" Base E.T.A."},{"key":"battery","value":"Battery"},{"key":"invoice","value":"Invoice No"}],"newtripinputfields":[{"key":"truck_number","placeholder":"Truck Number","type":"text","action_name":"check_vahan_data"},{"key":"destname","no_show":true},{"key":"drops","type":"array","max_length":1,"params":[{"key":"invoice","placeholder":"Invoice"},{"key":"loc","placeholder":"Location"}]},{"key":"vendor","placeholder":"Transporter","type":"text"},{"key":"client_name","placeholder":"Client Name","type":"text"},{"key":"lr_number","placeholder":"LR Number","type":"text"},{"key":"eway_expiry","placeholder":"EWAY Bill Expiry Date","type":"date"},{"key":"transporter_number","placeholder":"Transporter Number","type":"text"},{"key":"vehicle_capacity","placeholder":"Vehicle Capacity","type":"list","values":[{"name":"0-5 ton"},{"name":"5-10 ton"},{"name":"10-15 ton"},{"name":"15-20 ton"},{"name":"20-25 ton"},{"name":"25+ ton"}]},{"key":"eta_days","placeholder":"ETA in Days","type":"number"},{"key":"dl_number","placeholder":"Driving Licence Number","type":"text","action_name":"check_dl_data"},{"key":"driver_dob","placeholder":"Driver DOB","type":"date","action_name":"check_dl_data"},{"key":"hazardous","placeholder":"Hazardous","type":"list","values":[{"name":"Yes"},{"name":"No"}]},{"key":"contracted","placeholder":"Contracted","type":"list","values":[{"name":"Yes"},{"name":"No"}]},{"key":"msds","placeholder":"MSDS","type":"list","values":[{"name":"Lipotin"}]},{"key":"shipment_number","placeholder":"Shipment no","type":"text"},{"key":"delivery_number","placeholder":"Delivery no","type":"text"},{"key":"contracted_lsp","placeholder":"Contracted LSP","type":"text"},{"key":"trip_name","placeholder":"Trip name","type":"text"},{"key":"load_number","placeholder":"Load no","type":"text"},{"key":"awb_number","placeholder":"AWB number","type":"text"},{"key":"start_location","placeholder":"Start Location","type":"text"},{"key":"end_location","placeholder":"End Location","type":"text"},{"key":"device_receiver_name","placeholder":"Device Receiver's Name","type":"text"},{"key":"device_receiver_number","placeholder":"Device Receiver's Number","type":"text"}],"allowRestart":true,"static_properties":{"enableHaltReverseGeocoding":true,"haltDistThresholdMtrs":1000,"haltTimeThresholdMs":900000},"tripStartWebhookStr":"NICERGLOBE","reverse_logistics":{"sms_at_trip_start":true,"receiver_phone_param":"device_receiver_number","receiver_name_param":"device_receiver_name"},"end_trip_form":[{"key":"device_received","placeholder":"Device Received","type":"boolean"}]},"reports":{"report_extra_columns":[{"key":"awb_number","placeholder":"AWB number"},{"key":"actual_start_date_time","placeholder":"Actual Start Date Time"},{"key":"device_receiver_name","placeholder":"Device Receiver's Name"},{"key":"device_receiver_number","placeholder":"Device Receiver's Number"},{"key":"device_received_at_warehouse","placeholder":"Device Received at Warehouse"},{"key":"endTime","placeholder":"End Time","type":"date"}]},"support_enabled":true,"client":"LANXASS","reusable_sim":null,"filter_trips_by":["submitted_by"],"submitted_by":"lanxess","tracking_tag":"PROVIDER-CONFIG","location_providers":{"airtel":{"provider":"TELENITY","service":"SMARTTRAILSHORT"},"idea":{"provider":"TELENITY","service":"SMARTTRAILSHORT"},"vodafone":{"provider":"TELENITY","service":"SMARTTRAILSHORT"},"jio":{"provider":"JIO","service":"DEFAULT"},"bsnl":{"provider":"TELENITY","service":"SMARTTRAIL"}},"map":{"light_theme":true},"theme":{"light":true},"public_link":{"auth":{"basic":{"username":"kugp2jVrks","password":"RYClVwtkxm"}}},"alert":[{"type":["CONSENT_PENDING","TICKET_CHAT"]}],"logo":{"url":"https://assetsstatic.s3.ap-south-1.amazonaws.com/lanxess_logo.PNG","direction":"left"},"alerts":{"alerts_info":{"search_by":{"srcname":{"Lanxess - Bhiwandi":["suhas.kamble.ext@lanxess.com","tushar.sawant@kptransports.com","rajesh.yadav@lanxess.com","pulkitsrivastava@intugine.com","controltowercallingteam@gmail.com"],"Lanxess_Panvel":["lalit.tawde.ext@lanxess.com","dattatray.pisal.ext@lanxess.com","sachin.borkar@lanxess.com","pulkitsrivastava@intugine.com","controltowercallingteam@gmail.com"]}}},"halt":{"recipients":{"internal":[],"client":[],"search_by":["srcname"]},"haltParams":[{"durationThreshold":7200000,"sendOncePerHalt":true,"recipients":[],"incrementThreshold":7200000}],"day_windows":[{"name":"Day","window":{"timezone":"Asia/Kolkata","from":18000000,"to":21600000}}]}},"trackingServerMig":true},"apisecret":{"username":"ngiaZNrhhlOppWBF346vlaLT9M419mr2gnWTyiFteTP5HzpEM31kuaD7xUHZwFu5","password":"86D8I8H20QJfjGZLDP3Y1g1GSx9lyYRBf9Pwmnc9xaySTa8F8u5EwWm6uzm7ORrn"},"hash":"$2a$10$oFwz5Wwa97TP64o7KVKOU.m1I1D.Rx9SX6Q5/kpjpE2s0iaZ4Z2aW","created_by":"ops_uc","disabled":false,"disabledReason":null,"updatedAt":"2023-05-29T07:18:57.201Z"},"ct_config":{"username":"lanxess","token":"eyJhbGciOiJIUzI1NiIsInR5cCI6IkpXVCJ9.eyJ1c2VyIjoibGFueGVzcyIsImNsaWVudCI6IkxBTlhBU1MiLCJpYXQiOjE3MTAzMTYyNjV9.xfNKGfnnGDiUSSXnRhAkSULjejCwR7TkPXP0sI4J2kI"}}