{"sct_config":[{"_id":"63e4b9adeec49b0008f8fee9","createdAt":"2023-02-09T09:15:25.084Z","username":"letstransport_west","priviledge":"client","config":{"extra_headers":[{"title":"Device managment","path":"/device_mgmt","show":true}],"devicemanagment":{"otheroption":{"send_device":true,"check_address":true}},"missed_call":true,"pingrate":900000,"client":"Lets Transport","reachParams":{"geofence":5000,"geofence_out":{"trip_changes":{"endsIn":60000}}},"modules":{"OPTED_FOR":["CONTROL_TOWER"],"CONTROL_TOWER":{"FRONTEND":{"NAV":{"title":"Control Tower","path":"/control-tower"},"BASE_URL":"https://dbx6uwq37vzb3.cloudfront.net/","creds":{"URL_KEY":"token","token":"eyJhbGciOiJIUzI1NiIsInR5cCI6IkpXVCJ9.eyJ1c2VyIjoiYWthc2guYnNAbGV0c3RyYW5zcG9ydC50ZWFtIiwiY2xpZW50IjoiTGV0cyBUcmFuc3BvcnQiLCJpYXQiOjE2ODIwMDk3NDh9.7EvYGl2LluS6NTK-BVPhca84MvVf6YV-sz0Uf45M2Bk"}}}},"reports":{"report_extra_columns":[{"key":"eta_days","placeholder":"ETA Days"},{"key":"eway_expiry_date","placeholder":"EWAY Expiry"},{"key":"movement_type","placeholder":"Movement Type"},{"key":"city","placeholder":"City"},{"key":"pending_amount","placeholder":"Pending Amount"},{"key":"total_amount","placeholder":"Total Amount"},{"key":"ping_freq","placeholder":"Ping Frequency"},{"key":"expiry_days","placeholder":"Days of expiry"},{"key":"ewb_number","placeholder":"E-way Bill No"},{"key":"submitted_by","placeholder":"Created By"},{"key":"createdAt","placeholder":"Created At","type":"date"},{"key":"unique_id","placeholder":"Unique ID"},{"key":"last_loc","placeholder":"Last known locaiton - Lat long values"},{"key":"last_address","placeholder":"Last known address - Address of the location"},{"key":"city","placeholder":"City"},{"key":"client_name","placeholder":"Client name"},{"key":"f_base_ETA","placeholder":"TAT [Base ETA]"},{"key":"distance_travelled","placeholder":"Running distance [Distance travelled]"},{"key":"distance_remained","placeholder":"Remaining distance"},{"key":"tat_diff","placeholder":"TAT Diff"}],"report_header":[{"key":"unique_id","value":"Unique ID"},{"key":"client_name","value":"Client name"},{"key":"city","value":"City"},{"key":"truck_number","value":"Vehicle"},{"key":"tel","value":"Driver No."},{"key":"srcname","value":"Source"},{"key":"destname","value":"Destination"},{"key":"trip_start_date","value":"Start Date"},{"key":"trip_start_time","value":"Start Time"},{"key":"source_out_time","value":"Source Out"},{"key":"last_tracked","value":"Last Tracked"},{"key":"last_address","value":"Last Known Location"},{"key":"trip_status","value":"Status"},{"key":"trip_eta","value":"ETA"},{"key":"distance_travelled","value":"Distance Travelled (Km)"},{"key":"distance_remained","value":"Distance Remaining (Km)"},{"key":"eta_days","value":"ETA Days"},{"key":"eway_expiry_date","value":"EWAY Expiry"},{"key":"movement_type","value":"Movement Type"},{"key":"createdAt","value":"Created At","type":"date"},{"key":"trip_delayed_status","value":"Ontime/Delay"},{"key":"f_base_ETA","value":"TAT [Base ETA]"},{"key":"vehicle_running_status","value":"Trip Status","type":"running"},{"key":"trip_end_time","value":"End Time"},{"key":"unloading_date","value":"Unloading Date"},{"key":"submitted_by","value":"Created By"},{"key":"track_status","value":"Tracked Status"},{"key":"pending_amount","value":"Pending Amount"},{"key":"total_amount","value":"Total Amount"},{"key":"ping_freq","value":"Ping Frequency"},{"key":"expiry_days","value":"Days of expiry"},{"key":"ewb_number","value":"E-way Bill No"},{"key":"last_loc","value":"Last known locaiton - Lat long values"},{"key":"lr_number","value":"LR Number"},{"key":"operator","value":"Operator"},{"key":"vendor","value":"Transporter"},{"key":"tat_diff","value":"TAT Diff"},{"key":"drops","value":"Drops"}]},"history":{"tripDetailHeaders":[{"key":"submitted_by","value":"Submitted By"}],"triplistheaders":[{"key":"truck_number","value":"Vehicle"},{"key":"tel","value":"Tel"},{"key":"invoice","value":"Invoice"},{"key":"srcname","value":"Source"},{"key":"destname","value":"Destination"},{"key":"delay","value":"Delivery Status"},{"key":"submitted_by","value":"Submitted By"}]},"home":{"triplistheaders":[{"key":"truck_number","value":"Vehicle"},{"key":"tel","value":"Tel"},{"key":"srcname","value":"Source"},{"key":"destname","value":"Destination"},{"key":"invoice","value":"Invoice"},{"key":"start_time","value":"Dispatch"},{"key":"reached","value":"E.T.A."},{"key":"last_tracked","value":"Last Tracked"},{"key":"status","value":"Status","type":"default"}],"otheroption":{"ping_delay":true,"popup_halt_duration":true},"homeBanner":true,"report_header":[{"key":"unique_id","value":"Unique ID"},{"key":"client_name","value":"Client name"},{"key":"city","value":"City"},{"key":"truck_number","value":"Vehicle"},{"key":"tel","value":"Driver No."},{"key":"srcname","value":"Source"},{"key":"destname","value":"Destination"},{"key":"trip_start_date","value":"Start Date"},{"key":"trip_start_time","value":"Start Time"},{"key":"source_out_time","value":"Source Out"},{"key":"last_tracked","value":"Last Tracked"},{"key":"last_address","value":"Last Known Location"},{"key":"trip_status","value":"Status"},{"key":"trip_eta","value":"ETA"},{"key":"eta_days","value":"ETA Days"},{"key":"eway_expiry_date","value":"EWAY Expiry"},{"key":"movement_type","value":"Movement Type"},{"key":"createdAt","value":"Created At","type":"date"},{"key":"trip_delayed_status","value":"Ontime/Delay"},{"key":"f_base_ETA","value":"TAT [Base ETA]"},{"key":"vehicle_running_status","value":"Trip Status"}]},"trips":{"allowRestart":true,"data":{"dest_locations":[]},"otheroption":{"devices":true,"facilities":false,"show_rcdl_details":true,"fixed_drops_keys":["city","client_name"],"compare_greater_number":[{"max_number_key":"total_amount","min_number_key":"pending_amount","mandatory":true}],"disable_editrip_fields":["expiry_days"],"master_data_list":[{"key":"client_name","parameter":"client_name_list","form_keys":["client_name"]},{"key":"city","parameter":"city_list","form_keys":["city"]}],"default_epod_select":true,"location_preview":true},"mandatorinputfields":["srcname","destname","tel","truck_number","vendor","movement_type","client_name","city","expiry_days"],"submittedtripoptions":{"edit":true,"multiple_dest_text_field":true,"src_text_field":true},"sla_options":[{"value":"0.08333333333333333","placeholder":"2 Hours"},{"value":"0.16666666666666666","placeholder":"4 Hours"},{"value":"0.3333333333333333","placeholder":"8 Hours"},{"value":"0.5","placeholder":"12 Hours"},{"value":"0.625","placeholder":"15 Hours"},{"value":"0.75","placeholder":"18 Hours"},{"value":"1","placeholder":"24 Hours"},{"value":"1.5","placeholder":"36 Hours"},{"value":"2.5","placeholder":"60 Hours"},{"value":"2","placeholder":"2 Days"},{"value":"3","placeholder":"3 Days"},{"value":"4","placeholder":"4 Days"},{"value":"5","placeholder":"5 Days"},{"value":"6","placeholder":"6 Days"},{"value":"7","placeholder":"7 Days"},{"value":"8","placeholder":"8 Days"}],"triplistheaders":[{"key":"tel","value":"Device"},{"key":"truck_number","value":"Truck Number"},{"key":"status","value":"Status"},{"key":"last_tracked","value":"Last Track"},{"key":"srcname","value":"Source"},{"key":"destname","value":"Destination"},{"key":"startTime","value":"Start Time"},{"key":"base_ETA","value":" Base E.T.A."},{"key":"operator","value":"Operator"},{"key":"invoice","value":"LR No"},{"key":"submitted_by","value":"Submitted By"}],"newtripinputfields":[{"key":"truck_number","placeholder":"Truck Number","type":"text","action_name":"check_vahan_data"},{"key":"destname","no_show":true},{"key":"drops","type":"array","max_length":1,"params":[{"key":"ewb_number","placeholder":"Enter Ewb number"},{"key":"loc","placeholder":"Location"}]},{"key":"vendor","placeholder":"Transporter","type":"text"},{"key":"client_name","placeholder":"Client Name","type":"text"},{"key":"movement_type","placeholder":"Movement Type","type":"list","values":[{"name":"Super Express"},{"name":"Express"},{"name":"Non Express"}]},{"key":"total_amount","placeholder":"Total Amount","type":"number"},{"key":"pending_amount","placeholder":"Pending Amount","type":"number"},{"key":"city","placeholder":"City","type":"text"},{"key":"transporter_number","placeholder":"Transporter Number","type":"text"},{"key":"expiry_days","placeholder":"Select Days for Expiry","type":"list","values":[{"value":"0.08333333333333333","name":"2 Hours"},{"value":"0.16666666666666666","name":"4 Hours"},{"value":"0.3333333333333333","name":"8 Hours"},{"value":"0.5","name":"12 Hours"},{"value":"0.625","name":"15 Hours"},{"value":"0.75","name":"18 Hours"},{"value":"1","name":"24 Hours"},{"value":"1.5","name":"36 Hours"},{"value":"2.5","name":"60 Hours"},{"value":"2","name":"2 Days"},{"value":"3","name":"3 Days"},{"value":"4","name":"4 Days"},{"value":"5","name":"5 Days"},{"value":"6","name":"6 Days"},{"value":"7","name":"7 Days"},{"value":"8","name":"8 Days"},{"value":"9","name":"9 Days"},{"value":"10","name":"10 Days"},{"value":"11","name":"11 Days"},{"value":"12","name":"12 Days"}]},{"key":"eway_expiry","placeholder":"EWAY Bill Expiry Date","type":"date"},{"key":"unique_id","placeholder":"Unique ID","type":"text"}],"expire_trip_based_on_sla":{"operator":"*","threshold":1},"master_data":[{"key":"movement_type","trip_start_fields":["per_day_to_distance_travel"]}],"master_fetch_enabled":true,"distance_based_tat":{},"tat_on_source_out":true,"master_upload":[{"key":"client_name","value":"Client Name","headers":[{"key":"client_name","value":"Client name"}]}],"generate_invoice_number":{"append":{"key":"unique_id","suffix":"increment"}},"end_trip_form":[{"key":"unloading_date","placeholder":"Unloading Date","type":"datetime"}]},"tracking":{"webhookQueuePushEnabled":true,"parallel_fastag_fallback":true},"gps_device":true,"location_providers":{"airtel":{"provider":"TELENITY","service":"IVRALT"},"idea":{"provider":"TELENITY","service":"IVRALT"},"vodafone":{"provider":"TELENITY","service":"IVRALT"},"jio":{"provider":"JIO","service":"DEFAULT"},"bsnl":{"provider":"TELENITY","service":"SMARTTRAIL"}},"tracking_tag":"PROVIDER-CONFIG","map":{"light_theme":true},"theme":{"light":true},"trip_start_form":true,"public_link":{"auth":{"basic":{"username":"YYJPixpCLC","password":"KlRAh9ZV57"}}},"alert":[{"type":["CONSENT_PENDING","TICKET_CHAT"]}],"logo":{"url":"https://assetsstatic.s3.ap-south-1.amazonaws.com/lets-transport-logo.svg","direction":"left"},"show_narcissism":true},"apisecret":{"username":"PzRAhptY13yOxe5ERUrnXWQbEJ9ckYNxPetfexAQL71plTyqpFEYc6wVnCNAolEU","password":"cmRSqonL4L0V18P2z0r6B9ANOhfKiwRNr5Hf4PTxLUo1LHMkFE31BH4j1TAg9jRV"},"hash":"$2a$10$ycMZafq/98gc5/cnm3kk/uvBFNYVCkRPeWrtRD1K8b35N7Trqb55O","created_by":"gajanand_uc","updatedAt":"2023-05-05T06:57:58.101Z","disabled":true,"disabledReason":"Client replaced this login"}],"ct_config":{"username":"letstransport_west","token":"eyJhbGciOiJIUzI1NiIsInR5cCI6IkpXVCJ9.eyJ1c2VyIjoibGV0c3RyYW5zcG9ydF93ZXN0IiwiY2xpZW50IjoiTGV0cyBUcmFuc3BvcnQiLCJpYXQiOjE2ODM1NTc2NTN9.RXtA4_9nRonOH3PdY6t6wY6VRsn39_GDdHzM47uYOeU"}}