[{"_id":"64590d141df9a3ffa2ae3a8c","createdAt":"2023-05-08T14:54:12.115Z","username":"letstransport_east","password":"$2a$10$gZXy9Mh0Vt8dL0l5kgl5G.kTI2qT1kUQnVVcGT.5q4MUINpF.oIK6","client":"Lets Transport","config":{"isCalculationEnabled":false,"updateStatusPopUp":true,"newAnalytics":true,"reportType":"timeframe","extra_sheets":["Running Trips"],"filter_fields":[{"header":"Source","key":"src"},{"header":"Destination","key":"dest"},{"header":"Transporter","key":"transporter"},{"header":"City","key":"city"},{"header":"Client Name","key":"client_name"}],"search_fields":["tel","truck_number"],"filter_trips_by":{"user":"Lets Transport","running":true},"query_trips_in_ct":{"user":"Lets Transport","running":true},"extra_headers":[{"key":"SLA","value":"base_ETA","from_sct":true},{"key":"Current ETA","value":"curr_ETA","from_sct":true},{"key":"City Name","value":"city"},{"key":"Last Known Address","value":"last_known_address"},{"key":"Client Name","value":"client_name"},{"key":"Trip Created By","value":"submitted_by","from_sct":true},{"key":"Trip Created At","value":"createdAt","from_sct":true}],"table_headers":[{"header":"Status","key":"","data":false},{"header":"Actions","key":"","data":false},{"header":"Mobile","key":"tel","data":true},{"header":"Vehicle","key":"truck_number","data":true},{"header":"Tag","key":"issue_tag","data":true},{"header":"Start Date and Time","key":"startTime","data":true},{"header":"Source","key":"src","data":true},{"header":"Destination","key":"dest","data":true},{"header":"Transporter","key":"transporter","data":true,"sorting":true},{"header":"Duration","key":"issue_value","data":false},{"header":"Last Known Address","key":"last_known_address","data":false},{"header":"City Name","key":"city","data":false},{"header":"Client Name","key":"client_name","data":false},{"header":"Latest Remark","key":"actions.0.subtag","data":false}],"issues":[{"tag":"Other Operator"},{"tag":"Delay"},{"tag":"Halt"},{"tag":"Reverse Movement"},{"tag":"Not Tracked"},{"tag":"Consent Status"}],"allowReload":true}}]