{"sct_config":{"_id":"627526e68346700009cf1dc1","createdAt":"2022-05-06T13:47:18.229Z","username":"parixitsinh.kosada@flipkart.com","priviledge":"client","config":{"otp_auth":true,"indentProc":{"notifications":{"indentRaised":{"isEnabled":true,"customerDisplayName":"Flipkart","notificationTag":"Indent Raised"},"indentReject":{"isEnabled":true,"customerDisplayName":"Flipkart","notificationTag":"Indent Reject"},"indentCancelled":{"isEnabled":true,"customerDisplayName":"Flipkart","notificationTag":"Indent Cancelled"},"vehicleAllotment":{"isEnabled":true,"customerDisplayName":"Flipkart","notificationTag":"Vehicle Allotment"}}},"missed_call":true,"pingrate":3600000,"extra_headers":[],"modules":{"OPTED_FOR":["INDENT_MANAGEMENT","CONTROL_TOWER","SUMMARY"],"INDENT_MANAGEMENT":{"FRONTEND":{"NAV":{"title":"Indent","path":"/indent"},"BASE_URL":"https://app2.superprocure.com/tripBoard","creds":{"URL_KEY":"token","token":"Njc1MTE6ZGYxNjg0OTcwZDJiNTQ2ODIyMmJmZDdiOTE1MmY5OTY="}}},"CONTROL_TOWER":{"FRONTEND":{"NAV":{"title":"Control Tower","path":"/control-tower"},"BASE_URL":"https://control-tower.intutrack.com/","creds":{"URL_KEY":"token","token":"eyJ0eXAiOiJKV1QiLCJhbGciOiJIUzI1NiJ9.eyJ1c2VyIjoicGFyaXhpdHNpbmgua29zYWRhQGZsaXBrYXJ0LmNvbSIsImNsaWVudCI6IkZLVCJ9.kVwrUufGRzmf5jVy3bLm4gBZp9qoGwqAYuozrMuP--8"}}},"SUMMARY":{"FRONTEND":{"NAV":{"title":"Summary","path":"/summary"},"BASE_URL":"https://master.dmhqlqdb3g66s.amplifyapp.com/summary"}}},"navbar_headers":true,"home_path":"/summary","marker_on_hover":[{"key":"tel","value":"Tel"},{"key":"truck_number","value":"Truck"},{"key":"last_address","value":"Address"},{"key":"speed","value":"Speed"},{"key":"last_tracked","value":"Last Track"},{"key":"drop_eta","value":"Drop ETA"},{"key":"current_halt_duration","value":"Current Halt Duration"}],"navbar_headers_field":[{"title":"SUMMARY","path":"/summary","show":true},{"title":"HOME","path":"/home","show":true},{"title":"TRIPS","path":"/trips","show":true},{"title":"TIMELINE","path":"/timeline","show":true},{"title":"HISTORY","path":"/history","show":true},{"title":"REPORTS","path":"/reports","show":true},{"title":"Live View","path":"/all-tracker","show":true},{"title":"INDENT","path":"/indent","show":true},{"title":"CONTROL TOWER","path":"/control-tower","show":true},{"title":"Analytics","path":"/analytics","show":true}],"home":{"triplistheaders":[{"key":"shipmentNumber","value":"FK Shipment Number"},{"key":"trip_route","value":"Route"},{"key":"truck_number","value":"Vehicle"},{"key":"tel","value":"Tel"},{"key":"srcname","value":"Source"},{"key":"destname","value":"Destination"},{"key":"vendor","value":"Transporter"},{"key":"spLoadId","value":"Load Id"},{"key":"latest_event_status","value":"Latest Status"},{"key":"speed","value":"Speed"},{"key":"start_time","value":"Start Time"},{"key":"actual_src_out_time","value":"Source Out Time"},{"key":"fd_transporter_eta","value":"Transporter ETA"},{"key":"reached","value":"E.T.A."},{"key":"loc_tracking_status","value":"Tracking Status"},{"key":"last_tracked","value":"Last Tracked"},{"key":"source_eta","value":"Source ETA"},{"key":"drop_eta","value":"Drop ETA"}],"otheroption":{"hide":{"online_trip_counter":true,"pending_trip_counter":true,"status":true},"set_background_colour_on_current_halt":true,"fetch_trips_interval":300000},"options":{"additional_filters":[{"key":"drops.name","label":"Drop"},{"key":"spSubBranchName","label":"Movement Type"}]}},"trips":{"uniq_trip_key":null,"allowDuplicateTelTrips":true,"submittedtripoptions":{"multiple_dest_text_field":true,"src_text_field":true,"edit":true,"dest_mandatory":true,"share_link":true},"data":{"dest_locations":[]},"mandatorinputfields":["srcname","truck_number"],"newtripinputfields":[{"key":"truck_number","placeholder":"Truck Number","type":"text"},{"key":"vendor","placeholder":"Transporter","type":"text"},{"key":"lr_number","placeholder":"LR Number","type":"text"},{"key":"client_name","placeholder":"Client Name","type":"text"},{"key":"destname","no_show":true},{"key":"drops","type":"array","max_length":1,"params":[{"key":"invoice","placeholder":"Invoice No."},{"key":"loc","placeholder":"Destination"}]},{"key":"eta_days","placeholder":"ETA","type":"number"},{"key":"eway_expiry","placeholder":"EWAY Bill Expiry Date","type":"date"},{"key":"transporter_number","placeholder":"Transporter Number","type":"text"},{"key":"vehicle_capacity","placeholder":"Vehicle Capacity","type":"list","values":[{"name":"0-5 ton"},{"name":"5-10 ton"},{"name":"10-15 ton"},{"name":"15-20 ton"},{"name":"20-25 ton"},{"name":"25+ ton"}]}],"static_properties":{"haltDistThresholdMtrs":1000,"haltTimeThresholdMs":300000,"wait_time":{"SRC":0,"DROP":10800000},"noTrack":true},"fixed_running_threshold":null,"master_data":[{"key":"srcname+destname","trip_start_fields":["eta_days"]},{"key":"srcname","trip_start_fields":["src"]},{"key":"destname","trip_start_fields":["dest"]},{"key":"spSubBranchName","trip_start_fields":["per_day_to_distance_travel","expire_trip_based_on_sla"]}],"master_fetch_enabled":true,"distance_based_tat":{"distance":800000,"legs_master":true},"post_end_trip_ops":["POST_TRIP_END_SP_EVENTS"],"expire_trip_based_on_sla":{"operator":"*","threshold":1.5},"endable_submitted_trips_update":true,"additional_search_fields":["searchtext"],"search_fields":["shipmentNumber","spLoadId"],"tat_on_source_in":false,"extra_triplistheaders":[{"key":"shipmentNumber","value":"FK Shipment Number"}],"calculate_transporter_eta":true,"tat_on_source_out":true},"trip_start_form":true,"support_enabled":true,"client":"FKT","reusable_sim":null,"filter_trips_by":[],"tracking_tag":"PROVIDER-CONFIG","location_providers":{"airtel":{"provider":"TELENITY","service":"IVRALT"},"idea":{"provider":"TELENITY","service":"IVRALT"},"vodafone":{"provider":"TELENITY","service":"IVRALT"},"jio":{"provider":"JIO","service":"DEFAULT"},"bsnl":{"provider":"TELENITY","service":"SMARTTRAIL"}},"reports":{"otheroption":{"drops_delay_interval":10800000,"alert_report":true,"geofence_report":true},"report_extra_columns":[{"key":"shipmentNumber","placeholder":"FK Shipment Number"},{"key":"source_in_time","placeholder":"Source In Time"},{"key":"spLoadId","placeholder":"Indent Load ID"},{"key":"latest_event_status","placeholder":"Latest Event"},{"key":"latest_event_status_time","placeholder":"Latest Event Time"},{"key":"latest_event_status_name","placeholder":"Event Location Name"},{"key":"latest_event_status_type","placeholder":"Event Location Type"},{"key":"dest_out_time","placeholder":"Destination Out Time"},{"key":"f_base_ETA","placeholder":"design SLA"},{"key":"last_city","placeholder":"Latest City"},{"key":"loading_delay","placeholder":"Loading Delay"},{"key":"unloading_delay","placeholder":"Unloading Delay"},{"key":"spSubBranchName","placeholder":"Movement Type"},{"key":"latest_lock_event_time","placeholder":"Latest Lock Event Time"},{"key":"latest_lock_event_location","placeholder":"Latest Lock Event Location"},{"key":"latest_tamper_alert_time","placeholder":"Latest Tamper Alert Time"},{"key":"latest_tamper_alert_location","placeholder":"Latest Tamper Alert Location"},{"key":"source_eta","placeholder":"Source ETA"},{"key":"drop_eta","placeholder":"Drop ETA"},{"key":"device_lock_status","placeholder":"Device Status"},{"key":"tracking_type","placeholder":"Tracking Type"},{"key":"f_transporter_eta","placeholder":"Transporter ETA"},{"key":"f_transporter_delay","placeholder":"Transporter Delay"}],"report_header":[{"key":"invoice","value":"Invoice"},{"key":"tel","value":"Driver No."},{"key":"operator","value":"Operator"},{"key":"truck_number","value":"Vehicle"},{"key":"vendor","value":"Transporter"},{"key":"shipmentNumber","value":"FK Shipment Number"},{"key":"spLoadId","value":"Indent Load ID"},{"key":"srcname","value":"Source"},{"key":"destname","value":"Destination"},{"key":"trip_route","value":"Route"},{"key":"actual_start_date_time","value":"Start Date"},{"key":"source_in_time","value":"Source In Time"},{"key":"source_out_time","value":"Source Out Time"},{"key":"last_tracked","value":"Last Tracked"},{"key":"last_address","value":"Last Known Location"},{"key":"trip_status","value":"Status"},{"key":"delay_formatted","value":"SLA Status"},{"key":"f_base_ETA","value":"design SLA"},{"key":"trip_eta","value":"ETA"},{"key":"track_status","value":"Tracked Status"},{"key":"distance_travelled","value":"Distance Travelled (km)"},{"key":"distance_remained","value":"Distance Remaining (km)"},{"key":"latest_event_status","value":"Latest Event"},{"key":"latest_event_status_time","value":"Latest Event Time"},{"key":"latest_event_status_name","value":"Event Location Name"},{"key":"latest_event_status_type","value":"Event Location Type"},{"key":"destination_reached_time","value":"Destination Reached Time"},{"key":"dest_out_time","value":"Destination Out Time"},{"key":"last_city","value":"Latest City"},{"key":"loading_delay","value":"Loading Delay"},{"key":"unloading_delay","value":"Unloading Delay"},{"key":"spSubBranchName","value":"Movement Type"},{"key":"latest_lock_event_time","value":"Latest Lock Event Time"},{"key":"latest_lock_event_location","value":"Latest Lock Event Location"},{"key":"latest_tamper_alert_time","value":"Latest Tamper Alert Time"},{"key":"latest_tamper_alert_location","value":"Latest Tamper Alert Location"},{"key":"source_eta","value":"Source ETA"},{"key":"drop_eta","value":"Drop ETA"},{"key":"drops","value":"Drops"},{"key":"device_lock_status","value":"Device Status"},{"key":"tracking_type","value":"Tracking Type"}],"tracking_success":{"excel":{"fields_to_add":{"tel":"Driver Number","vendor":"Transporter","shipmentNumber":"FK Shipment Number","truck_number":"Truck Number","spLoadId":"Indent Load Id","srcname":"Source","destname":"Destination","startTime":"Start Time","endTime":"End Time"}},"test":{"displayNames":{"client":"Flipkart"},"recipients":["mayankmittal@intugine.com"]},"prod":{"no_trackable_count":true,"group_by":{"keyname":"Transporter","property":"vendor"},"displayNames":{"client":"Flipkart"},"recipients":["parixitsinh.kosada@flipkart.com","adhithya.bhalajee@flipkart.com","snandhini@flipkart.com","ashutosh@intugine.com","akshayrana@intugine.com","j.anand@flipkart.com","harishn@flipkart.com","vidya.bk@flipkart.com","anubhavchaturvedi@intugine.com"]}}},"map":{"light_theme":true,"disable_filter_locations":true},"theme":{"light":true},"public_link":{"auth":{"basic":{"username":"tIngNKBi2b","password":"tty6yN4pdh"}}},"alert":[{"type":["CONSENT_PENDING","TICKET_CHAT"]}],"reachParams":{"geofence":500,"geofence_out":{"trip_changes":{"endsIn":300000}}},"disable_app_login":true,"tracking":{"geofence_radius":{"src":500,"drop":500},"srcEtaCalculationEnabled":true,"dropsDistanceEnabled":true,"tripEndBy":"parixitsinh.kosada@flipkart.com"},"public":{"extra_triplistheaders":[{"key":"trip_route","value":"Route"}],"otheroption":{"hide":{"destination":true}}}},"apisecret":{"username":"YH3hlyTjPQxsrHw25aAaKu1BFRf2aWJfGCAo0eia1ThamXiT7bUiSiF57ynPC5a6","password":"AC8Ip4W1s8W6dFTQPgh13Kpl2DuX5e8Y0o2UlnEvblYiAvmSOPD9Mv321N7QTZMF"},"hash":"$2a$10$EEqiZabNoYksl7qVOnRWbemgYRVDQ7kCJAC2asECj8XCvSYByH2Pe","created_by":"ops_uc","updatedAt":"2023-04-04T08:28:45.960Z","disabled":false,"tracking":{"geofence_radius":{"drop":500}},"email":"parixitsinh.kosada@flipkart.com"},"ct_config":{"username":"parixitsinh.kosada@flipkart.com","token":"eyJhbGciOiJIUzI1NiIsInR5cCI6IkpXVCJ9.eyJ1c2VyIjoicGFyaXhpdHNpbmgua29zYWRhQGZsaXBrYXJ0LmNvbSIsImNsaWVudCI6IkZLVCIsImlhdCI6MTY4NzM1MTI3OH0.tOuefY-b6PFmY7CxFmVEZohnG32IJDvfq4rc6Bu1gTw"}}