{"sct_config":{"_id":"6434f74370b13900083b94c9","createdAt":"2023-04-11T05:59:31.524Z","username":"prismcement_cdo","priviledge":"client","config":{"missed_call":true,"pingrate":900000,"extra_headers":[{"title":"ANALYTICS","icon":"","path":"/analytics","show":true}],"modules":{"OPTED_FOR":["CONTROL_TOWER"],"CONTROL_TOWER":{"FRONTEND":{"NAV":{"title":"Control Tower","path":"/control-tower"},"BASE_URL":"https://control-tower.intutrack.com/","creds":{"URL_KEY":"token","token":"eyJ0eXAiOiJKV1QiLCJhbGciOiJIUzI1NiJ9.eyJ1c2VyIjoicHJpc21jZW1lbnRfYWRtaW4iLCJjbGllbnQiOiJQcmlzbSBDZW1lbnQifQ.r5blQnbxZ26eQ58pp2DDr_znVuolj1hV185TEUIH4Do"}}}},"home":{"triplistheaders":[{"key":"truck_number","value":"Vehicle"},{"key":"tel","value":"Tel"},{"key":"srcname","value":"Source"},{"key":"destname","value":"Destination"},{"key":"invoice","value":"Invoice"},{"key":"tracking_type","value":"Tracking Mode"},{"key":"start_time","value":"Start Time"},{"key":"reached","value":"E.T.A."},{"key":"last_tracked","value":"Last Tracked"}]},"trips":{"submittedtripoptions":{"multiple_dest_text_field":true,"src_text_field":true,"edit":true,"dest_mandatory":true,"share_link":true},"data":{"dest_locations":[]},"mandatorinputfields":["srcname","truck_number"],"otheroption":{"show_rcdl_details":true,"facilities":true},"sla_options":[{"value":"0.08333333333333333","placeholder":"2 Hours"},{"value":"0.16666666666666666","placeholder":"4 Hours"},{"value":"0.3333333333333333","placeholder":"8 Hours"},{"value":"0.375","placeholder":"9 Hours"},{"value":"0.416","placeholder":"10 Hours"},{"value":"0.459","placeholder":"11 Hours"},{"value":"0.5","placeholder":"12 Hours"},{"value":"0.625","placeholder":"15 Hours"},{"value":"0.75","placeholder":"18 Hours"},{"value":"1","placeholder":"24 Hours"},{"value":"1.5","placeholder":"36 Hours"},{"value":"2.5","placeholder":"60 Hours"},{"value":"2","placeholder":"2 Days"},{"value":"3","placeholder":"3 Days"},{"value":"4","placeholder":"4 Days"},{"value":"5","placeholder":"5 Days"},{"value":"6","placeholder":"6 Days"},{"value":"7","placeholder":"7 Days"},{"value":"8","placeholder":"8 Days"},{"value":"9","placeholder":"9 Days"},{"value":"10","placeholder":"10 Days"}],"bulk_upload":{"show":true,"google":true,"fixed_headers":true,"epod_enable":true,"triplistheaders":[{"key":"tel","value":"Mobile Number"},{"key":"truck_number","value":"Truck Number"},{"key":"srcname","value":"Source"},{"key":"destname","value":"Destination"},{"key":"vendor","value":"Transporter"},{"key":"lr_number","value":"LR Number"},{"key":"client_name","value":"Client Name"},{"key":"invoice","value":"Invoice No."},{"key":"eta_days","value":"ETA in Days"},{"key":"eway_expiry","value":"EWAY Bill Expiry Date","type":"date"},{"key":"transporter_number","value":"Transporter Number"},{"key":"vehicle_capacity","value":"Vehicle Capacity"},{"key":"spoc_name","value":"Spoc Name"},{"key":"spoc_number","value":"Spoc Number"}]},"newtripinputfields":[{"key":"truck_number","placeholder":"Truck Number","type":"text","action_name":"check_vahan_data"},{"key":"vendor","placeholder":"Transporter","type":"list","values":[{"name":"Adarsh Transport Services"},{"name":"Anand Road Line"},{"name":"Anil Road Line"},{"name":"Babashri Transport Co."},{"name":"BALAJI FREIGHT CARRIERS"},{"name":"Bhatia Transport Company"},{"name":"Bombay Guwahati Transport Co."},{"name":"Calcutta Roaways"},{"name":"Commercial Logistics"},{"name":"Dev Vrat Associates"},{"name":"Four Square Logistics"},{"name":"Goel Cargo Pvt. Ltd."},{"name":"Golden Temple Logistic"},{"name":"INDRABHAN LOGISTIC"},{"name":"JAI SHRIRAM TRANSPORT COMPANY"},{"name":"Kalpatru Transport Corporation"},{"name":"M/s Narendra singh"},{"name":"Maa Jagdamba Transport Company"},{"name":"Mehta Transport Corporation Of India"},{"name":"Naman Associates"},{"name":"New Adarsh Transport"},{"name":"Patel Logistics"},{"name":"Patel Road Lines"},{"name":"Patel Transport Company"},{"name":"Prabhu Kripa"},{"name":"Pratap Road Lines"},{"name":"Safari Carriers"},{"name":"Shiv Shakti Road Lines"},{"name":"Shree Balaji Carrier Services"},{"name":"Shree Balaji Roadlines"},{"name":"Shri Khambaba Transport"},{"name":"Shri Khambaba Logistics & Minerals"},{"name":"SUN SWAY"},{"name":"Tiwari Transport Company"},{"name":"Tripathi Transport Company"},{"name":"UNIVERSAL CORPORATION"},{"name":"Universal Transport Co."},{"name":"Vaishnavi & Manjari Transport Services Private Limited"},{"name":"Ventron Trade Link Pvt.Ltd."},{"name":"Virat Forwarding Agency"},{"name":"Vishal Road Carrier"},{"name":"Yadav Roadways"}]},{"key":"lr_number","placeholder":"LR Number","type":"text"},{"key":"client_name","placeholder":"Client Name","type":"text"},{"key":"destname","no_show":true},{"key":"drops","type":"array","max_length":1,"params":[{"key":"invoice","placeholder":"Invoice No."},{"key":"loc","placeholder":"Destination"}]},{"key":"eta_days","placeholder":"ETA","type":"number"},{"key":"eway_expiry","placeholder":"EWAY Bill Expiry Date","type":"date"},{"key":"transporter_number","placeholder":"Transporter Number","type":"text"},{"key":"vehicle_capacity","placeholder":"Vehicle Capacity","type":"list","values":[{"name":"0-5 ton"},{"name":"5-10 ton"},{"name":"10-15 ton"},{"name":"15-20 ton"},{"name":"20-25 ton"},{"name":"25+ ton"}]},{"key":"dl_number","placeholder":"Driving Licence Number","type":"text","action_name":"check_dl_data"},{"key":"driver_dob","placeholder":"Driver DOB","type":"date","action_name":"check_dl_data"}],"tat_on_source_out":true,"expire_trip_based_on_sla":{"operator":"+","threshold":259200000},"fixed_running_threshold":691200000},"trip_start_form":true,"support_enabled":true,"client":"Prism Cement","filter_trips_by":[],"tracking_tag":"PROVIDER-CONFIG","location_providers":{"airtel":{"provider":"TELENITY","service":"SMARTTRAILSHORT"},"idea":{"provider":"TELENITY","service":"SMARTTRAILSHORT"},"vodafone":{"provider":"TELENITY","service":"SMARTTRAILSHORT"},"jio":{"provider":"JIO","service":"DEFAULT"},"bsnl":{"provider":"TELENITY","service":"SMARTTRAIL"}},"epod":true,"reports":{"tracking_success":{"prod":{"recipients":["atulsingh.tiwari@prismjohnson.in","lakhandhanani@intugine.com","shomik.mondal@prismjohnson.in","vineet.shrivastava@prismjohnson.in","logistics.info@prismjohnson.in","ghanshyam.sharma@prismjohnson.in"]}},"mis":{"prod":{"recipients":["atulsingh.tiwari@prismjohnson.in","lakhandhanani@intugine.com","shomik.mondal@prismjohnson.in","vineet.shrivastava@prismjohnson.in","logistics.info@prismjohnson.in","ghanshyam.sharma@prismjohnson.in"]},"test":{"recipients":[]}}},"map":{"light_theme":true},"theme":{"light":true},"epod_enabled":true,"epod_stuff":{"API_KEY":"eyJhbGciOiJIUzI1NiIsInR5cCI6IkpXVCJ9.eyJuYW1lIjoiIiwidXNlcm5hbWUiOiJwcmlzbWNlbWVudF9hZG1pbiIsImNsaWVudCI6InByaXNtY2VtZW50IiwiY2xpZW50X25hbWUiOiJQcmlzbSBDZW1lbnQiLCJpYXQiOjE2Nzc2NjE4NTd9.b9VZtWPfnpN_IBdZn7gxd5RUHOAHBIjnfKAhUN7ZFP8","data":{"client":"prismcement","client_name":"Prism Cement","clients":["prismcement"],"username":"prismcement_admin"}},"tracking":{"parallel_fastag_fallback":true,"geofence_radius":{"drop":50000}},"reachParams":{"geofence":50000,"geofence_out":{"trip_changes":{"endsIn":60000}},"geofence_in":{"trip_changes":{"endsIn":86400000}}},"public_link":{"auth":{"basic":{"username":"RoOzfQDZaS","password":"vne13Q5pvT"}}},"alert":[{"type":["CONSENT_PENDING","TICKET_CHAT"]}]},"apisecret":{"username":"z3NJtK8mV3TcAFKV24OXijQ9AsVDksau47VW7VbgaiLNHglB5jNSe4b6tTOPKZv5","password":"UwWzKtVJQL3j2W0ioBuWChbZCt4gzaAjypteSCytjyajWl8T5Co2PEVfQL3mb54Z"},"hash":"$2a$10$lt4kAyQLnptUUBVKyoioA.V/RnFpyyW.MRy9WrZ6ku3ECXqYgakiq","created_by":"lakhan_uc","updatedAt":"2023-05-23T07:20:25.303Z","pending_payment":false},"ct_config":{"username":"prismcement_cdo","token":"eyJhbGciOiJIUzI1NiIsInR5cCI6IkpXVCJ9.eyJ1c2VyIjoicHJpc21jZW1lbnRfY2RvIiwiY2xpZW50IjoiUHJpc20gQ2VtZW50IiwiaWF0IjoxNjk2NDIzNzAyfQ.jPZZjkqwaXs1uZy2jcqm8Eh4h6bI5GwWtpKDgXytvrk"}}