{"sct_config":{"_id":"611262f6b1e7d0000ded1c2f","username":"raju.gnanasekeran@legrand.co.in","priviledge":"client","config":{"epod_enabled":true,"epod_stuff":{"data":{"username":"legrand_admin","client":"LEGRANDGROUP","clients":["LEGRANDGROUP"],"client_name":"LEGRANDGROUP"},"API_KEY":"eyJhbGciOiJIUzI1NiIsInR5cCI6IkpXVCJ9.eyJ1c2VybmFtZSI6ImxlZ3JhbmRfYWRtaW4iLCJjbGllbnQiOiJMRUdSQU5ER1JPVVAiLCJjbGllbnRfbmFtZSI6IkxFR1JBTkRHUk9VUCIsImNsaWVudHMiOlsiTEVHUkFOREdST1VQIl0sImlhdCI6MTYyODU4NDA4N30.ThPNi9rb4G2e4dwTkYL7VStNtmtewTM958fihwq4iIE"},"missed_call":true,"reachParams":{"geofence":5000,"geofence_in":{"trip_changes":{"endsIn":21600000}}},"modules":{"OPTED_FOR":["CONTROL_TOWER"],"CONTROL_TOWER":{"FRONTEND":{"NAV":{"title":"Control Tower","path":"/control-tower"},"BASE_URL":"https://control-tower.intutrack.com/","creds":{"URL_KEY":"token","token":"eyJ0eXAiOiJKV1QiLCJhbGciOiJIUzI1NiJ9.eyJ1c2VyIjoicmFqdS5nbmFuYXNla2VyYW5AbGVncmFuZC5jby5pbiIsImNsaWVudCI6IkxFR1JBTkQgR1JPVVAifQ.LdKpbrxHEYo8-9YkOx4VOI3mpFRr3oQBLlVH3uzvtAo"}}}},"devicemanagment":{"otheroption":{"send_device":true,"device_monthly_status":true}},"facilities":{"inclusive_filters":{"trip_location_type":["SOURCE"],"name":["Legrand - Bhiwandi","Numeric - Bhiwandi","Indoasian - Bhiwandi"]}},"home":{"options":{"filters":["trip_duration"]},"triplistheaders":[{"key":"truck_number","value":"Vehicle"},{"key":"client_name","value":"Client"},{"key":"tel","value":"Tel"},{"key":"srcname","value":"Source"},{"key":"destname","value":"Destination"},{"key":"invoice","value":"Invoice No."},{"key":"lr_number","value":"LR Number"},{"key":"client_name","value":"Customer Name"},{"key":"vendor","value":"Transporter"},{"key":"start_time","value":"Dispatch"},{"key":"reached","value":"E.T.A."},{"key":"last_tracked","value":"Last Tracked"},{"key":"eway_expiry","value":"Eway Expire"}]},"trips":{"extra_triplistheaders":[{"key":"lr_number","value":"LR Number"}],"data":{"dest_locations":[]},"mandatorinputfields":["srcname","truck_number","dest"],"otheroption":{"facilities":true,"default_epod_select":true,"master_data_list":[{"key":"vendor","parameter":"vendor_list","form_keys":["vendor"]}]},"master_upload":[{"key":"vendor","value":"Transporter","headers":[{"key":"vendor","value":"Transporter"}]}],"submittedtripoptions":{"edit":true,"multiple_dest_text_field":true,"src_text_field":true,"share_link":true,"upload_documents":true,"document_view":true,"status_update":true,"to_be_receive_device":true},"trips_status":{"newtripinputfields":[{"key":"text","placeholder":"Select Status","type":"list","values":[{"name":"Reached","code":"REH"},{"name":"Delivered","code":"DEl"}]},{"key":"time","placeholder":"Select Date","type":"date"}]},"newtripinputfields":[{"key":"truck_number","placeholder":"Truck Number","type":"text"},{"key":"truck_seal_number","placeholder":"Truck Seal Number","type":"text"},{"key":"entity","placeholder":"Entity","type":"text"},{"key":"src_consignee","placeholder":"Source Consignee","type":"text"},{"key":"destname","no_show":true},{"key":"drops","type":"array","max_length":1,"params":[{"key":"client_name","placeholder":"Select Consignee","type":"list","action":true,"action_name":"client_name"},{"key":"customer_code","placeholder":"Customer Code"},{"key":"lr_number","placeholder":"LR Number"},{"key":"shipment_weight","placeholder":"Shipment Weight"},{"key":"cbm","placeholder":"CBM"},{"key":"number_of_packages","placeholder":"Number of Packages"},{"key":"invoice_value","placeholder":"Invoice Value"},{"key":"invoice","placeholder":"Invoice No."},{"key":"loc","placeholder":"Destination"}]},{"key":"truck_type","placeholder":"Truck Type","type":"list","values":[{"name":"407"},{"name":"Tata Ace"},{"name":"Bolero"},{"name":"14 feet"},{"name":"17 feet"},{"name":"18 feet"},{"name":"19 feet"},{"name":"20 feet"},{"name":"22 feet"},{"name":"24 feet"},{"name":"32 feet"},{"name":"40 feet"}]},{"key":"vendor","placeholder":"Transporter","type":"list","values":[{"name":"First Choice Logistics"},{"name":"CJ Darcl"},{"name":"Transolution Pvt Ltd"},{"name":"MRC Roadways"},{"name":"Rivigo"},{"name":"Bharat Freight"},{"name":"Mass Cargo"},{"name":"Univelox"},{"name":"Patil Transport"},{"name":"CRI Roadways"},{"name":"Cogoport Private Limited"}]},{"key":"eta_days","placeholder":"ETA in Days","type":"number"},{"key":"eway_expiry","placeholder":"EWAY Bill Expiry Date","type":"date"},{"key":"transporter_number","placeholder":"Transporter Number","type":"text"},{"key":"vehicle_capacity","placeholder":"Vehicle Capacity","type":"list","values":[{"name":"0-5 ton"},{"name":"5-10 ton"},{"name":"10-15 ton"},{"name":"15-20 ton"},{"name":"20-25 ton"},{"name":"25+ ton"}]}],"no_consent_suggestion":true,"fixed_running_threshold":1728000000},"trip_start_form":true,"pingrate":3600000,"tracking_tag":"PROVIDER-CONFIG","location_providers":{"airtel":{"provider":"TELENITY","service":"IVRALT"},"idea":{"provider":"TELENITY","service":"IVRALT"},"vodafone":{"provider":"TELENITY","service":"IVRALT"},"jio":{"provider":"JIO","service":"DEFAULT"},"bsnl":{"provider":"TELENITY","service":"SMARTTRAIL"}},"client":"LEGRAND GROUP","user_type":"postpaid","client_type":"new","support_enabled":true,"reusable_sim":null,"filter_trips_by":[],"documents":{"types":[{"tag":"UNLOADING PHOTOS","stage":"LOADING","key":"unloadingpics","entity_type":"tripId"},{"tag":"LOADING PHOTOS","stage":"LOADING","key":"loadingpics","entity_type":"tripId"}]},"public_link":{"auth":{"basic":{"username":"J6Js0qCPtm","password":"Nm0WAm5jca"}}},"alert":[{"type":["CONSENT_PENDING","TICKET_CHAT"]}],"reports":{"tracking_success":{"prod":{"recipients":["raju.gnanasekeran@legrand.com","tarun.jain@indoasian.com","arun.gopal@numericups.com","support@intugine.com","abhisheksharma@intugine.com"],"group_by":{"keyname":"Source","property":"srcname"}}},"report_extra_columns":[{"key":"lr_number","placeholder":"LR Number"}]},"map":{"light_theme":true},"theme":{"light":true},"alerts":{"halt":{"recipients":{"internal":["support@intugine.com","mandar@intugine.com"],"client":[]},"haltParams":[{"durationThreshold":21600000,"sendOncePerHalt":true,"recipients":[]},{"durationThreshold":43200000,"sendOncePerHalt":true,"recipients":[]}]}},"tracking":{"reCalculationEnable":true}},"apisecret":{"username":"y8yAF37pjcld0tUiTlxEeX9xOKabP8TLIa1pPtj7X4aDZP8fo9pboro0IffsOye3","password":"nrSslqIIEYrx5Vax3MBAPweB4E7pdIAyiV61rhhAxtqhLDipyeua9lt06Tb7dG0V"},"hash":"$2a$10$bfs9eYhgRhBDPiXkPuiWUOIKJRO0Ps585nenKww/AUZzmfievZvza","created_by":"mandar_uc","createdAt":"2021-08-10T11:28:54.069Z","updatedAt":"2023-05-03T10:28:50.459Z","disabled":false,"disabledReason":null},"ct_config":{"username":"raju.gnanasekeran@legrand.co.in","token":"eyJhbGciOiJIUzI1NiIsInR5cCI6IkpXVCJ9.eyJ1c2VyIjoicmFqdS5nbmFuYXNla2VyYW5AbGVncmFuZC5jby5pbiIsImNsaWVudCI6IkxFR1JBTkQgR1JPVVAiLCJpYXQiOjE2OTcxOTI0OTd9.5xtGmDNvju-xhTfEHx0R3nic3R9UqTMjuTns8Sce1Ak"}}