{"sct_config":[{"_id":"63f0be768810a300080730a4","createdAt":"2023-02-18T12:03:02.772Z","username":"shreecements_srit","priviledge":"client","config":{"missed_call":true,"pingrate":900000,"extra_headers":[{"title":"ANALYTICS","icon":"","path":"/analytics","show":true}],"modules":{"OPTED_FOR":["CONTROL_TOWER"],"CONTROL_TOWER":{"FRONTEND":{"NAV":{"title":"Control Tower","path":"/control-tower"},"BASE_URL":"https://control-tower.intutrack.com/","creds":{"URL_KEY":"token","token":"eyJ0eXAiOiJKV1QiLCJhbGciOiJIUzI1NiJ9.eyJ1c2VyIjoic2hyZWVjZW1lbnRzX2FkbWluIiwiY2xpZW50IjoiU2hyZWUgQ2VtZW50cyJ9.WsHULzgWAY7XdUaHuu_7lgXDQm5ow8Z1WgHfXRteOdU"}}}},"home":{"triplistheaders":[{"key":"truck_number","value":"Vehicle"},{"key":"tel","value":"Tel"},{"key":"srcname","value":"Source"},{"key":"destname","value":"Destination"},{"key":"invoice","value":"Invoice"},{"key":"vendor","value":"Transporter"},{"key":"start_time","value":"Start Time"},{"key":"reached","value":"E.T.A."},{"key":"last_tracked","value":"Last Tracked"}],"otheroption":{"master_data_list":[{"key":"lane","parameter":"lane_list"}]}},"trips":{"submittedtripoptions":{"multiple_dest_text_field":true,"src_text_field":true,"edit":true,"dest_mandatory":true,"share_link":true},"data":{"dest_locations":[]},"mandatorinputfields":["srcname","truck_number"],"extra_triplistheaders":[{"key":"vendor","value":"Transporter"}],"newtripinputfields":[{"key":"truck_number","placeholder":"Truck Number","type":"text"},{"key":"vendor","placeholder":"Transporter","type":"list","values":[{"name":"Kataria Logistics"},{"name":"HM Logistics"},{"name":"Tanushree Logistics"},{"name":"Bankyarani Freight Carrier"},{"name":"Shri Siddhivinayak Logistics"},{"name":"Shree Mahaveer Logistics"},{"name":"Shree Vagheshwari Roadways"},{"name":"Neelkanth Transport"},{"name":"RK Roadways"},{"name":"V Logistics"},{"name":"Sri Ramanjaneya Lorry Transport"},{"name":"Shri Niwas Roadlines"},{"name":"SKLS Lorry Service"},{"name":"Shree Balaji Roadlines"},{"name":"Sri Jai Sakthi Roadlines"}]},{"key":"lr_number","placeholder":"LR Number","type":"text"},{"key":"client_name","placeholder":"Client Name","type":"text"},{"key":"destname","no_show":true},{"key":"drops","type":"array","max_length":1,"params":[{"key":"invoice","placeholder":"Invoice No."},{"key":"loc","placeholder":"Destination"}]},{"key":"eta_days","placeholder":"ETA","type":"number"},{"key":"eway_expiry","placeholder":"EWAY Bill Expiry Date","type":"date"},{"key":"transporter_number","placeholder":"Transporter Number","type":"text"},{"key":"vehicle_capacity","placeholder":"Vehicle Capacity","type":"list","values":[{"name":"0-5 ton"},{"name":"5-10 ton"},{"name":"10-15 ton"},{"name":"15-20 ton"},{"name":"20-25 ton"},{"name":"25+ ton"}]},{"key":"quantity","placeholder":"Quantity","type":"text"},{"key":"material_type","placeholder":"Material Type","type":"list","values":[{"name":"Coal"},{"name":"Petcoke"}]}],"otheroption":{"facilities":true,"fixed_drops_keys":["srcname","destname"]},"master_data":[{"key":"srcname+destname","trip_start_fields":["drops","eta_days"]}],"master_fetch_enabled":true,"point_by_point_eta":true,"routeDeviation":{"enabled":true,"deviation_buffer":10000,"deviation_check":900000,"initial_buffer":10000,"final_buffer":10000,"alter_interval":3600000,"alert_email":true,"max_consecutive":4}},"trip_start_form":true,"support_enabled":true,"client":"Shree Cements","reusable_sim":null,"filter_trips_by":["submitted_by"],"tracking_tag":"PROVIDER-CONFIG","location_providers":{"airtel":{"provider":"TELENITY","service":"SMARTTRAILSHORT"},"idea":{"provider":"TELENITY","service":"SMARTTRAILSHORT"},"vodafone":{"provider":"TELENITY","service":"SMARTTRAILSHORT"},"jio":{"provider":"JIO","service":"DEFAULT"},"bsnl":{"provider":"TELENITY","service":"SMARTTRAIL"}},"reports":{"report_extra_columns":[{"key":"eta_date","placeholder":"ETA Date"},{"key":"eta_time","placeholder":"ETA Time"},{"key":"material_type","placeholder":"Material Type"},{"key":"quantity","placeholder":"Quantity"}],"extra_triplistheaders":[{"key":"vendor","value":"Transporter"}]},"history":{"extra_triplistheaders":[{"key":"vendor","value":"Transporter"}]},"map":{"light_theme":true},"theme":{"light":true},"reachParams":{"geofence":5000,"geofence_in":{"trip_changes":{"endsIn":10800000}}},"submitted_by":"shreecements_srit","public_link":{"auth":{"basic":{"username":"LpONqgb68H","password":"OzFrE6hKx5"}}},"alert":[{"type":["CONSENT_PENDING","TICKET_CHAT"]}],"tracking":{"enableHaltReverseGeocoding":true,"parallel_fastag_fallback":true}},"apisecret":{"username":"hk05z8CI0YgGFyoUPrd3YxXxsNTW99FcllaD8BF9RmbJ5mCpA1tIMIdXfdpmlixn","password":"l2cGwCFkEInQUK0waX4uKuVVKWCOtxPv8oPxmwK9F9pIZKuEfcYJNE0y2PjmHLt2"},"hash":"$2a$10$4wDeDlW7GK30usCBraIWueaoSPzM8G/7P/WKTwhn1qPz0xzE8z2yW","created_by":"lakhan_uc","updatedAt":"2023-04-13T11:50:52.500Z"}],"ct_config":{"username":"shreecements_srit","token":"eyJhbGciOiJIUzI1NiIsInR5cCI6IkpXVCJ9.eyJ1c2VyIjoic2hyZWVjZW1lbnRzX3NyaXQiLCJjbGllbnQiOiJTaHJlZSBDZW1lbnRzIiwiaWF0IjoxNjgzNjE2Njk2fQ.ndj9XfRxeFfg79IJ7QLUeiGPMNwnagOehAT0LFCRTeg"}}