{"sct_config":{"_id":"652681d1787899d55e5a8bf7","createdAt":"2023-10-11T11:06:57.553Z","priviledge":"client","username":"sunit.r@flipkart.com","password":null,"config":{"indentProc":{"notifications":{"indentRaised":{"isEnabled":true,"customerDisplayName":"Flipkart","notificationTag":"Indent Raised"},"indentReject":{"isEnabled":true,"customerDisplayName":"Flipkart","notificationTag":"Indent Reject"},"indentCancelled":{"isEnabled":true,"customerDisplayName":"Flipkart","notificationTag":"Indent Cancelled"},"vehicleAllotment":{"isEnabled":true,"customerDisplayName":"Flipkart","notificationTag":"Vehicle Allotment"}}},"missed_call":true,"pingrate":3600000,"navbar_headers":true,"marker_on_hover":[{"key":"tel","value":"Tel"},{"key":"truck_number","value":"Truck"},{"key":"last_address","value":"Address"},{"key":"speed","value":"Speed"},{"key":"last_tracked","value":"Last Track"},{"key":"drop_eta","value":"Drop ETA"},{"key":"current_halt_duration","value":"Current Halt Duration"}],"navbar_headers_field":[{"title":"SUMMARY","path":"/summary","show":true},{"title":"HOME","path":"/home","show":true},{"title":"TRIPS","path":"/trips","show":true},{"title":"TIMELINE","path":"/timeline","show":true},{"title":"HISTORY","path":"/history","show":true},{"title":"REPORTS","path":"/reports","show":true},{"title":"Live View","path":"/all-tracker","show":true},{"title":"Analytics","path":"/analytics","show":true},{"title":"YARD MGMT.","path":"/yard","show":true}],"home":{"options":{"filters":["trip_duration"]},"triplistheaders":[{"key":"truck_number","value":"Vehicle"},{"key":"tel","value":"Tel"},{"key":"srcname","value":"Source"},{"key":"destname","value":"Destination"},{"key":"invoice","value":"Invoice"},{"key":"start_time","value":"Start Time"},{"key":"reached","value":"E.T.A."},{"key":"last_tracked","value":"Last Tracked"}]},"trips":{"submittedtripoptions":{"edit":false,"dest_mandatory":true,"multiple_dest_text_field":true,"src_text_field":true,"share_link":true,"hide_start_trip":true,"hide_update_location":true},"data":{},"mandatorinputfields":["srcname","truck_number"],"newtripinputfields":[{"key":"truck_number","placeholder":"Truck Number","type":"text"},{"key":"vendor","placeholder":"Transporter","type":"text"},{"key":"lr_number","placeholder":"LR Number","type":"text"},{"key":"client_name","placeholder":"Client Name","type":"text"},{"key":"destname","no_show":true},{"key":"drops","type":"array","max_length":1,"params":[{"key":"invoice","placeholder":"Invoice No."},{"key":"loc","placeholder":"Destination"}]},{"key":"eta_days","placeholder":"ETA","type":"number"},{"key":"eway_expiry","placeholder":"EWAY Bill Expiry Date","type":"date"},{"key":"transporter_number","placeholder":"Transporter Number","type":"text"},{"key":"vehicle_capacity","placeholder":"Vehicle Capacity","type":"list","values":[{"name":"0-5 ton"},{"name":"5-10 ton"},{"name":"10-15 ton"},{"name":"15-20 ton"},{"name":"20-25 ton"},{"name":"25+ ton"}]}],"otheroption":{"hide":{"consent_btn":true,"share_trip":true},"hide_newtrip_button":true,"show_rcdl_details":false,"bulk_geofence_upload":true}},"trip_start_form":true,"support_enabled":true,"client":"FKT_Main","reusable_sim":null,"filter_trips_by":["srcname","destname","drops.name"],"tracking_tag":"PROVIDER-CONFIG","location_providers":{"airtel":{"provider":"TELENITY","service":"IVRALT"},"idea":{"provider":"TELENITY","service":"IVRALT"},"vodafone":{"provider":"TELENITY","service":"IVRALT"},"jio":{"provider":"JIO","service":"DEFAULT"},"bsnl":{"provider":"TELENITY","service":"SMARTTRAIL"}},"reports":{"otheroption":{"drops_delay_interval":10800000,"alert_report":true,"geofence_report":true},"report_extra_columns":[{"key":"shipmentNumber","placeholder":"FK Shipment Number"},{"key":"source_in_time","placeholder":"Source In Time"},{"key":"spLoadId","placeholder":"Indent Load ID"},{"key":"latest_event_status","placeholder":"Latest Event"},{"key":"latest_event_status_time","placeholder":"Latest Event Time"},{"key":"latest_event_status_name","placeholder":"Event Location Name"},{"key":"latest_event_status_type","placeholder":"Event Location Type"},{"key":"dest_out_time","placeholder":"Destination Out Time"},{"key":"f_base_ETA","placeholder":"design SLA"},{"key":"last_city","placeholder":"Latest City"},{"key":"loading_delay","placeholder":"Loading Delay"},{"key":"unloading_delay","placeholder":"Unloading Delay"},{"key":"spSubBranchName","placeholder":"Movement Type"},{"key":"latest_lock_event_time","placeholder":"Latest Lock Event Time"},{"key":"latest_lock_event_location","placeholder":"Latest Lock Event Location"},{"key":"latest_tamper_alert_time","placeholder":"Latest Tamper Alert Time"},{"key":"latest_tamper_alert_location","placeholder":"Latest Tamper Alert Location"},{"key":"source_eta","placeholder":"Source ETA"},{"key":"drop_eta","placeholder":"Drop ETA"},{"key":"device_lock_status","placeholder":"Device Status"},{"key":"tracking_type","placeholder":"Tracking Type"},{"key":"f_transporter_eta","placeholder":"Transporter ETA"},{"key":"f_transporter_delay","placeholder":"Transporter Delay"},{"key":"spLoadingDate","placeholder":"Expected Loading Date","type":"date"},{"key":"lock_vendor_name","placeholder":"Lock vendor name"},{"key":"indentCreationDateTime","placeholder":"Indent Creation Date","type":"date"},{"key":"indentAcceptanceDateTime","placeholder":"Indent Acceptance Date","type":"date"},{"key":"plannedDistance","placeholder":"Planned Distance as per Indent"}],"report_header":[{"key":"invoice","value":"Invoice"},{"key":"tel","value":"Driver No."},{"key":"operator","value":"Operator"},{"key":"truck_number","value":"Vehicle"},{"key":"vendor","value":"Transporter"},{"key":"shipmentNumber","value":"FK Shipment Number"},{"key":"spLoadId","value":"Indent Load ID"},{"key":"srcname","value":"Source"},{"key":"destname","value":"Destination"},{"key":"trip_route","value":"Route"},{"key":"actual_start_date_time","value":"Start Date"},{"key":"source_in_time","value":"Source In Time"},{"key":"source_out_time","value":"Source Out Time"},{"key":"last_tracked","value":"Last Tracked"},{"key":"last_address","value":"Last Known Location"},{"key":"trip_status","value":"Status"},{"key":"delay_formatted","value":"SLA Status"},{"key":"f_base_ETA","value":"design SLA"},{"key":"trip_eta","value":"ETA"},{"key":"track_status","value":"Tracked Status"},{"key":"distance_travelled","value":"Distance Travelled (km)"},{"key":"distance_remained","value":"Distance Remaining (km)"},{"key":"latest_event_status","value":"Latest Event"},{"key":"latest_event_status_time","value":"Latest Event Time"},{"key":"latest_event_status_name","value":"Event Location Name"},{"key":"latest_event_status_type","value":"Event Location Type"},{"key":"destination_reached_time","value":"Destination Reached Time"},{"key":"dest_out_time","value":"Destination Out Time"},{"key":"trip_end_time","value":"Trip End Time"},{"key":"last_city","value":"Latest City"},{"key":"loading_delay","value":"Loading Delay"},{"key":"unloading_delay","value":"Unloading Delay"},{"key":"spSubBranchName","value":"Movement Type"},{"key":"latest_lock_event_time","value":"Latest Lock Event Time"},{"key":"latest_lock_event_location","value":"Latest Lock Event Location"},{"key":"latest_tamper_alert_time","value":"Latest Tamper Alert Time"},{"key":"latest_tamper_alert_location","value":"Latest Tamper Alert Location"},{"key":"source_eta","value":"Source ETA"},{"key":"drop_eta","value":"Drop ETA"},{"key":"drops","value":"Drops"},{"key":"device_lock_status","value":"Device Status"},{"key":"tracking_type","value":"Tracking Type"},{"key":"endNote","value":"End Note"},{"key":"spLoadingDate","value":"Expected Loading Date","type":"date"},{"key":"lock_vendor_name","value":"Lock vendor name"},{"key":"indentCreationDateTime","value":"Indent Creation Date","type":"date"},{"key":"indentAcceptanceDateTime","value":"Indent Acceptance Date","type":"date"},{"key":"plannedDistance","value":"Planned Distance as per Indent"}]},"map":{"light_theme":true,"disable_filter_locations":true},"theme":{"light":true},"reachParams":{"geofence":500,"geofence_out":{"trip_changes":{"endsIn":300000}}},"disable_app_login":true,"tracking":{"geofence_radius":{"src":500,"drop":500},"srcEtaCalculationEnabled":true,"dropsDistanceEnabled":true,"tripEndBy":"parixitsinh.kosada@flipkart.com","reCalculationEnable":true},"public":{"extra_triplistheaders":[{"key":"trip_route","value":"Route"}],"otheroption":{"hide":{"destination":true}}},"home_path":"/summary","modules":{"OPTED_FOR":["SUMMARY","YARD_MANAGEMENT","INDENT_MANAGEMENT"],"SUMMARY":{"FRONTEND":{"NAV":{"title":"Summary","path":"/summary"},"BASE_URL":"https://master.dmhqlqdb3g66s.amplifyapp.com/summary"}},"YARD_MANAGEMENT":{"FRONTEND":{"NAV":{"title":"Yard Management","path":"/yard"},"BASE_URL":"https://dq2sjc9nuei5i.cloudfront.net/"}},"INDENT_MANAGEMENT":{"FRONTEND":{"NAV":{"title":"Indent","path":"/indent"},"BASE_URL":"https://app2.superprocure.com/loadBoard","creds":{"URL_KEY":"token","token":"MjM2MjY1OkM5MTFBMDY4MEEzQzMyMDYyMjM3RTUxREU4MzNBMUQx"}}}},"public_link":{"auth":{"basic":{"username":"3e8auHOhi4","password":"I4zCf9fLFi"}}},"alert":[{"type":["CONSENT_PENDING","TICKET_CHAT"]}],"destname":["Motherhub_GUW","Motherhub_GOR","GroceryMH_GUW","Motherhub_PLS"],"srcname":["Motherhub_GUW","Motherhub_GOR","GroceryMH_GUW","Motherhub_PLS"],"drops.name":["Motherhub_GUW","Motherhub_GOR","GroceryMH_GUW","Motherhub_PLS"],"otp_auth":true},"hash":"$2a$10$D2D.AGXJ0cn/DdGTf3f4xeXvliUVYxZ.fkERa3G3p4iXxtTdArQK6","apisecret":{"username":"8zoMzGOUYIHBsSwArld2IviJR8iEQtE7Igkjfa0tauPP4c8H5bEvU3yNBZOweffP","password":"FEs5FiLIb7FAkE8r60be5v3NEZuZLWhxE3l4PPJVwZbel7LwzIfZ2pX8fiXJrpo9"},"created_by":"ops_uc","updatedAt":"2023-10-13T11:17:00.220Z","email":"sunit.r@flipkart.com"},"ct_config":{"username":"sunit.r@flipkart.com","token":"eyJhbGciOiJIUzI1NiIsInR5cCI6IkpXVCJ9.eyJ1c2VyIjoic3VuaXQuckBmbGlwa2FydC5jb20iLCJjbGllbnQiOiJGS1QiLCJpYXQiOjE2OTc0MzY3NTF9.9R8wTZV1O4S2isXkRBRGT26qfJSSnMU_MNXMGB3Iyfs"}}