{"sct_config":{"_id":"61c1b86c47932a609bc2ffab","priviledge":"client","config":{"modules":{"OPTED_FOR":["CONTROL_TOWER","INPLANT_TRIPS"],"CONTROL_TOWER":{"FRONTEND":{"NAV":{"title":"Control Tower","path":"/control-tower"},"BASE_URL":"https://control-tower.intutrack.com/","creds":{"URL_KEY":"token","token":"eyJ0eXAiOiJKV1QiLCJhbGciOiJIUzI1NiJ9.eyJ1c2VyIjoic2h1YmhhbS5raXNob3JlQGx4cGFudG9zLmNvbSIsImNsaWVudCI6IlBBTlRPUyJ9.cXMxIMptCkfB05IO27_5Wh3wY8b41TBQUr5e37c-er0"}}},"INPLANT_TRIPS":{"FRONTEND":{"NAV":{"title":"Inplant","path":"/ipt_trips"},"BASE_URL":"https://ipt.intutrack.com/iframe","creds":{"URL_KEY":"token","token":"eyJhbGciOiJIUzI1NiIsInR5cCI6IkpXVCJ9.eyJfaWQiOiI2MWQ4MDJlYjNmNTAzNDFhNWQ5MGE1NTkiLCJ1c2VybmFtZSI6InBhbnRvc19hZG1pbiIsIndhcmVob3VzZSI6WyJhbGwiXSwiY2xpZW50IjoicGFudG9zIiwiaWF0IjoxNjQxNTQ3MjMxfQ.txVSK4AMJ9QYPp8EtDGKFlkRD8UFHTUzTYl1yS8u2Ik"}}}},"tracking":{"alertTags":["destGeofenceOut"],"autoEndViaTatFactor":1.5},"facilities":{"inclusive_filters":{"trip_location_type":["SOURCE"],"name":["LG Pune CDC","LG Pune Factory"]}},"missed_call":true,"pingrate":900000,"extra_headers":[{"title":"ANALYTICS","icon":"","path":"/analytics","show":true}],"home":{"triplistheaders":[{"key":"truck_number","value":"Vehicle"},{"key":"tel","value":"Tel"},{"key":"srcname","value":"Source"},{"key":"srcBranchCode","value":"Source Name"},{"key":"destname","value":"Destination"},{"key":"destBranchCode","value":"Destination Name"},{"key":"invoice","value":"Invoice"},{"key":"vendor","value":"Transporter"},{"key":"start_time","value":"Start Time"},{"key":"reached","value":"E.T.A."},{"key":"last_tracked","value":"Last Tracked"},{"key":"view_trip_details","value":"View Trip Details"}],"trip_details":[{"key":"truck_number","value":"Truck Number"},{"key":"vendor","value":"Transporter"},{"key":"lr_number","value":"LR Number"},{"key":"client_name","value":"Client Name"},{"key":"eta_days","value":"ETA"},{"key":"eway_expiry","value":"EWAY Bill Expiry Date"},{"key":"transporter_number","value":"Transporter Number"},{"key":"vehicle_capacity","value":"Vehicle Capacity"},{"key":"dl_number","value":"Driving Licence Number"},{"key":"driver_dob","value":"Driver DOB"},{"key":"doc_number","value":"Doc Number"},{"key":"doc_date","value":"Doc Date"},{"key":"from_org_code","value":"From Org Code"},{"key":"from_org_name","value":"From Org Name"},{"key":"to_org_name","value":"To Org Name"},{"key":"to_org_code","value":"To Org Code"},{"key":"tentative_arrival_date","value":"Tentative Arival Date"},{"key":"transporter_number","value":"Transporter"},{"key":"stn_qty","value":"Stn Quantity"},{"key":"item_code","value":"Item Code"},{"key":"item_desc","value":"Item Desc"}],"options":{"additional_filters":[{"key":"srcBranchCode","label":"Source Name"},{"key":"destBranchCode","label":"Destination Name"}]}},"trips":{"submittedtripoptions":{"multiple_dest_text_field":true,"src_text_field":true,"edit":true,"dest_mandatory":true,"share_link":true},"data":{"dest_locations":[]},"otheroption":{"facilities":true,"show_rcdl_details":true},"mandatorinputfields":["srcname","truck_number"],"newtripinputfields":[{"key":"truck_number","placeholder":"Truck Number","type":"text","action_name":"check_vahan_data"},{"key":"vendor","placeholder":"Transporter","type":"text"},{"key":"lr_number","placeholder":"LR Number","type":"text"},{"key":"client_name","placeholder":"Client Name","type":"text"},{"key":"destname","no_show":true},{"key":"drops","type":"array","max_length":1,"params":[{"key":"invoice","placeholder":"Invoice No."},{"key":"loc","placeholder":"Destination"}]},{"key":"eta_days","placeholder":"ETA","type":"number"},{"key":"eway_expiry","placeholder":"EWAY Bill Expiry Date","type":"date"},{"key":"transporter_number","placeholder":"Transporter Number","type":"text"},{"key":"vehicle_capacity","placeholder":"Vehicle Capacity","type":"list","values":[{"name":"0-5 ton"},{"name":"5-10 ton"},{"name":"10-15 ton"},{"name":"15-20 ton"},{"name":"20-25 ton"},{"name":"25+ ton"}]},{"key":"dl_number","placeholder":"Driving Licence Number","type":"text","action_name":"check_dl_data"},{"key":"driver_dob","placeholder":"Driver DOB","type":"date","action_name":"check_dl_data"},{"key":"doc_number","placeholder":"Doc Number","type":"text"},{"key":"doc_date","placeholder":"Doc Date","type":"date"},{"key":"from_org_code","placeholder":"From Org Code","type":"text"},{"key":"from_org_name","placeholder":"From Org Name","type":"text"},{"key":"to_org_name","placeholder":"To Org Name","type":"text"},{"key":"to_org_code","placeholder":"To Org Code","type":"text"},{"key":"tentative_arrival_date","placeholder":"Tentative Arival Date","type":"date"},{"key":"transporter_number","placeholder":"Transporter","type":"text"},{"key":"stn_qty","placeholder":"Stn Quantity","type":"text"},{"key":"item_code","placeholder":"Item Code","type":"text"},{"key":"item_desc","placeholder":"Item Desc","type":"text"}],"static_properties":{"region":"Pune"},"auto_start_at_submit":true,"tripStartWebhookStr":"IPT","start_request_middlewares":["reverse-geocode-terminal-locations"],"fixed_running_threshold":864000000,"extra_triplistheaders":[{"key":"srcBranchCode","value":"Source Name"},{"key":"destBranchCode","value":"Destination Name"},{"key":"vendor","value":"Transporter"}],"tat_on_source_out":true,"expire_trip_based_on_sla":{"operator":"+","threshold":259200000}},"trip_start_form":true,"support_enabled":true,"client":"PANTOS","reusable_sim":null,"tracking_tag":"PROVIDER-CONFIG","location_providers":{"airtel":{"provider":"TELENITY","service":"SMARTTRAILSHORT"},"idea":{"provider":"TELENITY","service":"SMARTTRAILSHORT"},"vodafone":{"provider":"TELENITY","service":"SMARTTRAILSHORT"},"jio":{"provider":"JIO","service":"DEFAULT"},"bsnl":{"provider":"TELENITY","service":"SMARTTRAIL"}},"reports":{"tracking_success":{"prod":{"recipients":["Saurabh.garg@lge.com","shubham.kishore@lge.com","support@intugine.com","sandeep.kumar@lxpantos.com"]}},"report_extra_columns":[{"key":"lr_number","placeholder":"LR Number"},{"key":"client_name","placeholder":"Client Name"},{"key":"eta_days","placeholder":"ETA"},{"key":"eway_expiry","placeholder":"EWAY Bill Expiry Date"},{"key":"transporter_number","placeholder":"Transporter Number"},{"key":"vehicle_capacity","placeholder":"Vehicle Capacity"},{"key":"dl_number","placeholder":"Driving Licence Number"},{"key":"driver_dob","placeholder":"Driver DOB"},{"key":"doc_number","placeholder":"Doc Number"},{"key":"doc_date","placeholder":"Doc Date"},{"key":"from_org_code","placeholder":"From Org Code"},{"key":"from_org_name","placeholder":"From Org Name"},{"key":"to_org_name","placeholder":"To Org Name"},{"key":"to_org_code","placeholder":"To Org Code"},{"key":"tentative_arrival_date","placeholder":"Tentative Arival Date"},{"key":"transporter_number","placeholder":"Transporter"},{"key":"stn_qty","placeholder":"Stn Quantity"},{"key":"item_code","placeholder":"Item Code"},{"key":"item_desc","placeholder":"Item Desc"},{"key":"srcBranchCode","placeholder":"Source Name"},{"key":"destBranchCode","placeholder":"Destination Name"}],"extra_triplistheaders":[{"key":"srcBranchCode","value":"Source Name"},{"key":"destBranchCode","value":"Destination Name"},{"key":"vendor","value":"Transporter"}]},"map":{"light_theme":true},"theme":{"light":true},"alert":[{"type":["CONSENT_PENDING","TICKET_CHAT"]}],"filter_trips_by":["started_by"],"submitted_by":["sandeep.kumar@lxpantos.com","ambuj.choudhary@pantos.com","jayant.raut@pantos.com","nanasaheb.shinde@pantos.com","p.raju@pantos.com","ramchandra.lokhande@pantos.com","shaik.badruddin@pantos.com","milind.holkar@pantos.com","sunny.gaikwad@pantos.com","yogesh.jadhav@pantos.com"],"public_link":{"auth":{"basic":{"username":"Rd6Bx4v6","password":"uelXzmIj"}}},"reachParams":{"geofence":5000,"geofence_in":{"trip_changes":{"endsIn":10800000}}},"started_by":["sandeep.kumar@lxpantos.com","ambuj.choudhary@pantos.com","jayant.raut@pantos.com","nanasaheb.shinde@pantos.com","p.raju@pantos.com","ramchandra.lokhande@pantos.com","shaik.badruddin@pantos.com","milind.holkar@pantos.com","sunny.gaikwad@pantos.com","yogesh.jadhav@pantos.com"],"history":{"extra_triplistheaders":[{"key":"srcBranchCode","value":"Source Name"},{"key":"destBranchCode","value":"Destination Name"},{"key":"vendor","value":"Transporter"}]},"IPT_CALLBACK_CONFIG":{"warehouse":"all","headers":{"Authorization":"Bearer eyJhbGciOiJIUzI1NiIsInR5cCI6IkpXVCJ9.eyJfaWQiOiI2MWQ4MDJlYjNmNTAzNDFhNWQ5MGE1NTkiLCJ1c2VybmFtZSI6InBhbnRvc19hZG1pbiIsIndhcmVob3VzZSI6WyJhbGwiXSwiY2xpZW50IjoicGFudG9zIiwiaWF0IjoxNjQxNTQ3MjMxfQ.txVSK4AMJ9QYPp8EtDGKFlkRD8UFHTUzTYl1yS8u2Ik"},"body":{}}},"username":"sunny.gaikwad@pantos.com","apisecret":{"username":"nCDIj6BCzrHmIXIS1gVxd7wsSFxOhkcfJ4a8Y9VbQZQU2v2LfoNkSO1gKtovMhEo","password":"H15i9XX4jwDKXwleiSzQhXBaYPr2WU733pn1Uh0lUb1j1le1wz0byaSCylRTiXt5"},"hash":"$2a$10$XUwHlExsr4C9luK7F7KJUuGlOZYMWxW4T.vFifIUsK/LZdoVbPwZ6","createdAt":"2021-12-21T11:20:12.165Z","updatedAt":"2022-11-21T09:13:23.972Z","disabled":true,"disabledReason":"Yashu"},"ct_config":{"username":"sunny.gaikwad@pantos.com","token":"eyJhbGciOiJIUzI1NiIsInR5cCI6IkpXVCJ9.eyJ1c2VyIjoic3VubnkuZ2Fpa3dhZEBwYW50b3MuY29tIiwiY2xpZW50IjoiUEFOVE9TIiwiaWF0IjoxNjk3MTk0ODYxfQ.TivTf7E3yW9UoSHzt-YoZvztdP-cQS_2_AXIzKDH4-U"}}