{"sct_config":{"_id":"6511430805bf52a5b767c89d","createdAt":"2023-09-25T08:21:28.679Z","priviledge":"client","username":"venugopal.dinesh@flipkart.com","password":null,"config":{"indentProc":{"notifications":{"indentRaised":{"isEnabled":true,"customerDisplayName":"Flipkart","notificationTag":"Indent Raised"},"indentReject":{"isEnabled":true,"customerDisplayName":"Flipkart","notificationTag":"Indent Reject"},"indentCancelled":{"isEnabled":true,"customerDisplayName":"Flipkart","notificationTag":"Indent Cancelled"},"vehicleAllotment":{"isEnabled":true,"customerDisplayName":"Flipkart","notificationTag":"Vehicle Allotment"}}},"missed_call":true,"pingrate":3600000,"extra_headers":[{"title":"ANALYTICS","icon":"","path":"/analytics","show":true}],"modules":{"OPTED_FOR":["INDENT_MANAGEMENT","CONTROL_TOWER","SUMMARY","YARD_MANAGEMENT"],"INDENT_MANAGEMENT":{"FRONTEND":{"NAV":{"title":"Indent","path":"/indent"},"BASE_URL":"https://app2.superprocure.com/loadBoard","creds":{"URL_KEY":"token","token":"MTg2OTgxOjkzNjAxRDM3QUVBODY3OEYwNkQ4Q0U0NTQyOEQzMjBB"}}},"CONTROL_TOWER":{"FRONTEND":{"NAV":{"title":"Control Tower","path":"/control-tower"},"BASE_URL":"https://dbx6uwq37vzb3.cloudfront.net/","creds":{"URL_KEY":"token","token":"eyJhbGciOiJIUzI1NiIsInR5cCI6IkpXVCJ9.eyJ1c2VyIjoicF9jb3B5IiwiY2xpZW50IjoiRktUIiwiaWF0IjoxNjg3NDMyNDE1fQ.c3_aQ3xE-oifryN1kloRd37P0SpDphbwAi5r_dVknQA"}}},"SUMMARY":{"FRONTEND":{"NAV":{"title":"Summary","path":"/summary"},"BASE_URL":"https://master.dmhqlqdb3g66s.amplifyapp.com/summary"}},"YARD_MANAGEMENT":{"FRONTEND":{"NAV":{"title":"Yard Management","path":"/yard"},"BASE_URL":"https://dq2sjc9nuei5i.cloudfront.net/"}}},"navbar_headers":true,"home_path":"/summary","marker_on_hover":[{"key":"tel","value":"Tel"},{"key":"truck_number","value":"Truck"},{"key":"last_address","value":"Address"},{"key":"speed","value":"Speed"},{"key":"last_tracked","value":"Last Track"},{"key":"drop_eta","value":"Drop ETA"},{"key":"current_halt_duration","value":"Current Halt Duration"}],"navbar_headers_field":[{"title":"SUMMARY","path":"/summary","show":true},{"title":"HOME","path":"/home","show":true},{"title":"TRIPS","path":"/trips","show":true},{"title":"TIMELINE","path":"/timeline","show":true},{"title":"HISTORY","path":"/history","show":true},{"title":"REPORTS","path":"/reports","show":true},{"title":"Live View","path":"/all-tracker","show":true},{"title":"INDENT","path":"/indent","show":true},{"title":"CONTROL TOWER","path":"/control-tower","show":true},{"title":"Analytics","path":"/analytics","show":true},{"title":"YARD MGMT.","path":"/yard","show":true}],"home":{"options":{"filters":["trip_duration"]},"triplistheaders":[{"key":"truck_number","value":"Vehicle"},{"key":"tel","value":"Tel"},{"key":"srcname","value":"Source"},{"key":"destname","value":"Destination"},{"key":"invoice","value":"Invoice"},{"key":"start_time","value":"Start Time"},{"key":"reached","value":"E.T.A."},{"key":"last_tracked","value":"Last Tracked"}]},"trips":{"submittedtripoptions":{"edit":true,"dest_mandatory":true,"multiple_dest_text_field":true,"src_text_field":true,"share_link":true},"data":{},"mandatorinputfields":["srcname","truck_number"],"newtripinputfields":[{"key":"truck_number","placeholder":"Truck Number","type":"text"},{"key":"vendor","placeholder":"Transporter","type":"text"},{"key":"lr_number","placeholder":"LR Number","type":"text"},{"key":"client_name","placeholder":"Client Name","type":"text"},{"key":"destname","no_show":true},{"key":"drops","type":"array","max_length":1,"params":[{"key":"invoice","placeholder":"Invoice No."},{"key":"loc","placeholder":"Destination"}]},{"key":"eta_days","placeholder":"ETA","type":"number"},{"key":"eway_expiry","placeholder":"EWAY Bill Expiry Date","type":"date"},{"key":"transporter_number","placeholder":"Transporter Number","type":"text"},{"key":"vehicle_capacity","placeholder":"Vehicle Capacity","type":"list","values":[{"name":"0-5 ton"},{"name":"5-10 ton"},{"name":"10-15 ton"},{"name":"15-20 ton"},{"name":"20-25 ton"},{"name":"25+ ton"}]}]},"trip_start_form":true,"support_enabled":true,"client":"FKT_Main","reusable_sim":null,"filter_trips_by":[],"tracking_tag":"PROVIDER-CONFIG","location_providers":{"airtel":{"provider":"TELENITY","service":"IVRALT"},"idea":{"provider":"TELENITY","service":"IVRALT"},"vodafone":{"provider":"TELENITY","service":"IVRALT"},"jio":{"provider":"JIO","service":"DEFAULT"},"bsnl":{"provider":"TELENITY","service":"SMARTTRAIL"}},"reports":{"otheroption":{"drops_delay_interval":10800000,"alert_report":true,"geofence_report":true},"report_extra_columns":[{"key":"shipmentNumber","placeholder":"FK Shipment Number"},{"key":"source_in_time","placeholder":"Source In Time"},{"key":"spLoadId","placeholder":"Indent Load ID"},{"key":"latest_event_status","placeholder":"Latest Event"},{"key":"latest_event_status_time","placeholder":"Latest Event Time"},{"key":"latest_event_status_name","placeholder":"Event Location Name"},{"key":"latest_event_status_type","placeholder":"Event Location Type"},{"key":"dest_out_time","placeholder":"Destination Out Time"},{"key":"f_base_ETA","placeholder":"design SLA"},{"key":"last_city","placeholder":"Latest City"},{"key":"loading_delay","placeholder":"Loading Delay"},{"key":"unloading_delay","placeholder":"Unloading Delay"},{"key":"spSubBranchName","placeholder":"Movement Type"},{"key":"latest_lock_event_time","placeholder":"Latest Lock Event Time"},{"key":"latest_lock_event_location","placeholder":"Latest Lock Event Location"},{"key":"latest_tamper_alert_time","placeholder":"Latest Tamper Alert Time"},{"key":"latest_tamper_alert_location","placeholder":"Latest Tamper Alert Location"},{"key":"source_eta","placeholder":"Source ETA"},{"key":"drop_eta","placeholder":"Drop ETA"},{"key":"device_lock_status","placeholder":"Device Status"},{"key":"tracking_type","placeholder":"Tracking Type"},{"key":"f_transporter_eta","placeholder":"Transporter ETA"},{"key":"f_transporter_delay","placeholder":"Transporter Delay"},{"key":"spLoadingDate","placeholder":"Expected Loading Date","type":"date"},{"key":"lock_vendor_name","placeholder":"Lock vendor name"},{"key":"indentCreationDateTime","placeholder":"Indent Creation Date","type":"date"},{"key":"indentAcceptanceDateTime","placeholder":"Indent Acceptance Date","type":"date"},{"key":"plannedDistance","placeholder":"Planned Distance as per Indent"}],"report_header":[{"key":"invoice","value":"Invoice"},{"key":"tel","value":"Driver No."},{"key":"operator","value":"Operator"},{"key":"truck_number","value":"Vehicle"},{"key":"vendor","value":"Transporter"},{"key":"shipmentNumber","value":"FK Shipment Number"},{"key":"spLoadId","value":"Indent Load ID"},{"key":"srcname","value":"Source"},{"key":"destname","value":"Destination"},{"key":"trip_route","value":"Route"},{"key":"actual_start_date_time","value":"Start Date"},{"key":"source_in_time","value":"Source In Time"},{"key":"source_out_time","value":"Source Out Time"},{"key":"last_tracked","value":"Last Tracked"},{"key":"last_address","value":"Last Known Location"},{"key":"trip_status","value":"Status"},{"key":"delay_formatted","value":"SLA Status"},{"key":"f_base_ETA","value":"design SLA"},{"key":"trip_eta","value":"ETA"},{"key":"track_status","value":"Tracked Status"},{"key":"distance_travelled","value":"Distance Travelled (km)"},{"key":"distance_remained","value":"Distance Remaining (km)"},{"key":"latest_event_status","value":"Latest Event"},{"key":"latest_event_status_time","value":"Latest Event Time"},{"key":"latest_event_status_name","value":"Event Location Name"},{"key":"latest_event_status_type","value":"Event Location Type"},{"key":"destination_reached_time","value":"Destination Reached Time"},{"key":"dest_out_time","value":"Destination Out Time"},{"key":"trip_end_time","value":"Trip End Time"},{"key":"last_city","value":"Latest City"},{"key":"loading_delay","value":"Loading Delay"},{"key":"unloading_delay","value":"Unloading Delay"},{"key":"spSubBranchName","value":"Movement Type"},{"key":"latest_lock_event_time","value":"Latest Lock Event Time"},{"key":"latest_lock_event_location","value":"Latest Lock Event Location"},{"key":"latest_tamper_alert_time","value":"Latest Tamper Alert Time"},{"key":"latest_tamper_alert_location","value":"Latest Tamper Alert Location"},{"key":"source_eta","value":"Source ETA"},{"key":"drop_eta","value":"Drop ETA"},{"key":"drops","value":"Drops"},{"key":"device_lock_status","value":"Device Status"},{"key":"tracking_type","value":"Tracking Type"},{"key":"endNote","value":"End Note"},{"key":"spLoadingDate","value":"Expected Loading Date","type":"date"},{"key":"lock_vendor_name","value":"Lock vendor name"},{"key":"indentCreationDateTime","value":"Indent Creation Date","type":"date"},{"key":"indentAcceptanceDateTime","value":"Indent Acceptance Date","type":"date"},{"key":"plannedDistance","value":"Planned Distance as per Indent"}]},"map":{"light_theme":true,"disable_filter_locations":true},"theme":{"light":true},"reachParams":{"geofence":500,"geofence_out":{"trip_changes":{"endsIn":300000}}},"disable_app_login":true,"tracking":{"geofence_radius":{"src":500,"drop":500},"srcEtaCalculationEnabled":true,"dropsDistanceEnabled":true,"tripEndBy":"parixitsinh.kosada@flipkart.com"},"public":{"extra_triplistheaders":[{"key":"trip_route","value":"Route"}],"otheroption":{"hide":{"destination":true}}},"filter_query":"{\"$or\":[{\"client_client\":\"FKT\"},{\"isSynergy\":true}]}","public_link":{"auth":{"basic":{"username":"FGod1pCtf1","password":"LO8f78IMku"}}},"alert":[{"type":["CONSENT_PENDING","TICKET_CHAT"]}],"otp_auth":true},"hash":"$2a$10$cLDKTCE8W/lgM2K3vKYkv.qNEjParILMXa0rSsWGLxz/SE.jVq4Yu","apisecret":{"username":"34U7oJbL5RBjBN0pJITGSfPjc6v5pnvCHNYFnQwe1OvwQCJwh8sdFqUQMlub8wZc","password":"thg7vUfT18K08lUHtPxunMsL0ljiYTlNPuiEt1OOvoJxjtQGoNWeZT3TTFEesgM6"},"created_by":"ops_uc","email":"venugopal.dinesh@flipkart.com","updatedAt":"2023-09-26T08:08:12.928Z"},"ct_config":{"username":"venugopal.dinesh@flipkart.com","token":"eyJhbGciOiJIUzI1NiIsInR5cCI6IkpXVCJ9.eyJ1c2VyIjoidmVudWdvcGFsLmRpbmVzaEBmbGlwa2FydC5jb20iLCJjbGllbnQiOiJGS1QiLCJpYXQiOjE2OTU4MTg5OTR9.0xA1K34qN9HMv2GxNk5o3vud-hwW87TYF4O_bSW-pyA"}}