{"sct_config":{"_id":"653b8878163adf916cfdc421","createdAt":"2023-10-27T09:52:56.321Z","username":"aparna.rajesh@flipkart.com","priviledge":"client","config":{"missed_call":true,"pingrate":3600000,"show_pages":["/indent","/summary","/reports","/yard"],"modules":{"OPTED_FOR":["INDENT_MANAGEMENT","SUMMARY","YARD_MANAGEMENT"],"INDENT_MANAGEMENT":{"FRONTEND":{"NAV":{"title":"Indent","path":"/indent"},"BASE_URL":"https://app2.superprocure.com/loadBoard","creds":{"URL_KEY":"token","token":"MjQwNjQ2OkYzRURGQjdFMEI3NjMyMzU5N0I0OTk4RjU0RDRGQkM0"}}},"SUMMARY":{"FRONTEND":{"NAV":{"title":"Summary","path":"/summary"},"BASE_URL":"https://master.dmhqlqdb3g66s.amplifyapp.com/summary"}},"YARD_MANAGEMENT":{"FRONTEND":{"NAV":{"title":"Yard Management","path":"/yard"},"BASE_URL":"https://dq2sjc9nuei5i.cloudfront.net/"}}},"home":{"triplistheaders":[{"key":"shipmentNumber","value":"FK Shipment Number"},{"key":"trip_route","value":"Route"},{"key":"truck_number","value":"Vehicle"},{"key":"tel","value":"Tel"},{"key":"srcname","value":"Source"},{"key":"destname","value":"Destination"},{"key":"vendor","value":"Transporter"},{"key":"spLoadId","value":"Load Id"},{"key":"latest_event_status","value":"Latest Status"},{"key":"speed","value":"Speed"},{"key":"start_time","value":"Start Time"},{"key":"actual_src_out_time","value":"Source Out Time"},{"key":"fd_transporter_eta","value":"Transporter ETA"},{"key":"reached","value":"E.T.A."},{"key":"loc_tracking_status","value":"Tracking Status"},{"key":"last_tracked","value":"Last Tracked"},{"key":"source_eta","value":"Source ETA"},{"key":"drop_eta","value":"Drop ETA"}],"otheroption":{"hide":{"online_trip_counter":true,"pending_trip_counter":true,"status":true},"set_background_colour_on_current_halt":true,"fetch_trips_interval":300000},"options":{"additional_filters":[{"key":"spSubBranchName","label":"Movement Type"},{"key":"drops.name","label":"Drop"},{"key":"zone","label":"Zone"},{"key":"isRoundTrip","label":"Round Trip","values":[true,false]}]}},"trips":{"submittedtripoptions":{"multiple_dest_text_field":true,"src_text_field":true,"edit":true,"dest_mandatory":true,"share_link":true},"data":{"dest_locations":[]},"mandatorinputfields":["srcname","truck_number"],"newtripinputfields":[{"key":"truck_number","placeholder":"Truck Number","type":"text"},{"key":"vendor","placeholder":"Transporter","type":"text"},{"key":"lr_number","placeholder":"LR Number","type":"text"},{"key":"client_name","placeholder":"Client Name","type":"text"},{"key":"destname","no_show":true},{"key":"drops","type":"array","max_length":1,"params":[{"key":"invoice","placeholder":"Invoice No."},{"key":"loc","placeholder":"Destination"}]},{"key":"eta_days","placeholder":"ETA","type":"number"},{"key":"eway_expiry","placeholder":"EWAY Bill Expiry Date","type":"date"},{"key":"transporter_number","placeholder":"Transporter Number","type":"text"},{"key":"vehicle_capacity","placeholder":"Vehicle Capacity","type":"list","values":[{"name":"0-5 ton"},{"name":"5-10 ton"},{"name":"10-15 ton"},{"name":"15-20 ton"},{"name":"20-25 ton"},{"name":"25+ ton"}]}],"static_properties":{"haltDistThresholdMtrs":1000,"haltTimeThresholdMs":300000,"noTrack":true,"wait_time":{"SRC":0,"DROP":10800000}},"fixed_running_threshold":null,"post_end_trip_ops":["POST_TRIP_END_SP_EVENTS"],"expire_trip_based_on_sla":{"operator":"*","threshold":1.5},"additional_search_fields":["searchtext"],"search_fields":["shipmentNumber","spLoadId"],"uniq_trip_key":null,"tat_on_source_in":false,"distance_based_tat":{"legs_master":true},"extra_triplistheaders":[{"key":"shipmentNumber","value":"FK Shipment Number"}],"calculate_transporter_eta":true,"master_data":[[{"key":"spSubBranchName","trip_start_fields":["per_day_to_distance_travel"]}]],"tat_on_source_out":true},"trip_start_form":true,"support_enabled":true,"client":"FKT_Main","reusable_sim":null,"filter_trips_by":[],"tracking_tag":"PROVIDER-CONFIG","location_providers":{"airtel":{"provider":"TELENITY","service":"IVRALT"},"idea":{"provider":"TELENITY","service":"IVRALT"},"vodafone":{"provider":"TELENITY","service":"IVRALT"},"jio":{"provider":"JIO","service":"DEFAULT"},"bsnl":{"provider":"TELENITY","service":"SMARTTRAIL"}},"reports":{"report_extra_columns":[{"key":"shipmentNumber","placeholder":"FK Shipment Number"},{"key":"source_in_time","placeholder":"Source In Time"},{"key":"spLoadId","placeholder":"Indent Load ID"},{"key":"latest_event_status","placeholder":"Latest Event"},{"key":"latest_event_status_time","placeholder":"Latest Event Time"},{"key":"latest_event_status_name","placeholder":"Event Location Name"},{"key":"latest_event_status_type","placeholder":"Event Location Type"},{"key":"dest_out_time","placeholder":"Destination Out Time"},{"key":"f_base_ETA","placeholder":"design SLA"},{"key":"last_city","placeholder":"Latest City"},{"key":"loading_delay","placeholder":"Loading Delay"},{"key":"unloading_delay","placeholder":"Unloading Delay"},{"key":"spSubBranchName","placeholder":"Movement Type"},{"key":"latest_lock_event_time","placeholder":"Latest Lock Event Time"},{"key":"latest_lock_event_location","placeholder":"Latest Lock Event Location"},{"key":"latest_tamper_alert_time","placeholder":"Latest Tamper Alert Time"},{"key":"latest_tamper_alert_location","placeholder":"Latest Tamper Alert Location"},{"key":"source_eta","placeholder":"Source ETA"},{"key":"drop_eta","placeholder":"Drop ETA"},{"key":"device_lock_status","placeholder":"Device Status"},{"key":"tracking_type","placeholder":"Tracking Type"},{"key":"f_transporter_eta","placeholder":"Transporter ETA"},{"key":"f_transporter_delay","placeholder":"Transporter Delay"},{"key":"spLoadingDate","placeholder":"Expected Loading Date","type":"date"},{"key":"lock_vendor_name","placeholder":"Lock vendor name"},{"key":"indentCreationDateTime","placeholder":"Indent Creation Date","type":"date"},{"key":"indentAcceptanceDateTime","placeholder":"Indent Acceptance Date","type":"date"},{"key":"plannedDistance","placeholder":"Planned Distance as per Indent"}],"report_header":[{"key":"invoice","value":"Invoice"},{"key":"tel","value":"Driver No."},{"key":"operator","value":"Operator"},{"key":"truck_number","value":"Vehicle"},{"key":"vendor","value":"Transporter"},{"key":"shipmentNumber","value":"FK Shipment Number"},{"key":"spLoadId","value":"Indent Load ID"},{"key":"srcname","value":"Source"},{"key":"destname","value":"Destination"},{"key":"trip_route","value":"Route"},{"key":"actual_start_date_time","value":"Start Date"},{"key":"source_in_time","value":"Source In Time"},{"key":"source_out_time","value":"Source Out Time"},{"key":"last_tracked","value":"Last Tracked"},{"key":"last_address","value":"Last Known Location"},{"key":"trip_status","value":"Status"},{"key":"delay_formatted","value":"SLA Status"},{"key":"f_base_ETA","value":"design SLA"},{"key":"trip_eta","value":"ETA"},{"key":"track_status","value":"Tracked Status"},{"key":"distance_travelled","value":"Distance Travelled (km)"},{"key":"distance_remained","value":"Distance Remaining (km)"},{"key":"latest_event_status","value":"Latest Event"},{"key":"latest_event_status_time","value":"Latest Event Time"},{"key":"latest_event_status_name","value":"Event Location Name"},{"key":"latest_event_status_type","value":"Event Location Type"},{"key":"destination_reached_time","value":"Destination Reached Time"},{"key":"dest_out_time","value":"Destination Out Time"},{"key":"last_city","value":"Latest City"},{"key":"loading_delay","value":"Loading Delay"},{"key":"unloading_delay","value":"Unloading Delay"},{"key":"spSubBranchName","value":"Movement Type"},{"key":"latest_lock_event_time","value":"Latest Lock Event Time"},{"key":"latest_lock_event_location","value":"Latest Lock Event Location"},{"key":"latest_tamper_alert_time","value":"Latest Tamper Alert Time"},{"key":"latest_tamper_alert_location","value":"Latest Tamper Alert Location"},{"key":"source_eta","value":"Source ETA"},{"key":"drop_eta","value":"Drop ETA"},{"key":"drops","value":"Drops"},{"key":"device_lock_status","value":"Device Status"},{"key":"tracking_type","value":"Tracking Type"},{"key":"endNote","value":"End Note"},{"key":"spLoadingDate","value":"Expected Loading Date","type":"date"},{"key":"lock_vendor_name","value":"Lock vendor name"},{"key":"indentCreationDateTime","value":"Indent Creation Date","type":"date"},{"key":"indentAcceptanceDateTime","value":"Indent Acceptance Date","type":"date"},{"key":"plannedDistance","value":"Planned Distance as per Indent"}],"otheroption":{"drops_delay_interval":10800000,"alert_report":true,"geofence_report":true}},"map":{"light_theme":true,"disable_filter_locations":true},"theme":{"light":true},"reachParams":{"geofence":500,"geofence_out":{"trip_changes":{"endsIn":300000}}},"disable_app_login":true,"tracking":{"geofence_radius":{"src":500,"drop":500},"srcEtaCalculationEnabled":true,"dropsDistanceEnabled":true,"tripEndBy":"parixitsinh.kosada@flipkart.com","reCalculationEnable":true},"marker_on_hover":[{"key":"tel","value":"Tel"},{"key":"truck_number","value":"Truck"},{"key":"last_address","value":"Address"},{"key":"speed","value":"Speed"},{"key":"last_tracked","value":"Last Track"},{"key":"drop_eta","value":"Drop ETA"},{"key":"current_halt_duration","value":"Current Halt Duration"}],"public":{"extra_triplistheaders":[{"key":"trip_route","value":"Route"}],"otheroption":{"hide":{"destination":true}}},"home_path":"/summary","navbar_headers":true,"navbar_headers_field":[{"title":"SUMMARY","path":"/summary","show":true},{"title":"HOME","path":"/home","show":true},{"title":"TRIPS","path":"/trips","show":true},{"title":"TIMELINE","path":"/timeline","show":true},{"title":"HISTORY","path":"/history","show":true},{"title":"Live View","path":"/all-tracker","show":true},{"title":"INDENT","path":"/indent","show":true},{"title":"REPORTS","path":"/reports","show":true},{"title":"YARD MGMT.","path":"/yard","show":true}],"filter_query":"{\"$or\":[{\"client_client\":\"FKT\"},{\"isSynergy\":true}]}","public_link":{"auth":{"basic":{"username":"mFVQxQv2S3","password":"VzNvdx1zNh"}}},"alert":[{"type":["CONSENT_PENDING","TICKET_CHAT"]}],"otp_auth":true},"apisecret":{"username":"xllZE4wKcToCzwUNNpOKpgb77ALWVKc8yCMKgaxBTDFc3nKVSAnh2lpyQLAbuYP3","password":"YieJReoVnPD7m6LFNz2gBv8PxAtWbPk54apLjgzQKNJFQdHs6xFL3zTQqkMHVXDP"},"hash":"$2a$10$lOvP/QgswftGyPfWwwZ45ejER5rvVLhzMbPzGCmtk4JBKqIb8VO8G","created_by":"kamini_uc","email":"aparna.rajesh@flipkart.com"},"ct_config":{"username":"aparna.rajesh@flipkart.com","token":"eyJhbGciOiJIUzI1NiIsInR5cCI6IkpXVCJ9.eyJ1c2VyIjoiYXBhcm5hLnJhamVzaEBmbGlwa2FydC5jb20iLCJjbGllbnQiOiJGS1QiLCJpYXQiOjE2OTg2NDUxMDR9.rvQl6mz2lnXdvi8kdM-bkLvg6HsNFaNxViccx7-HhH8"}}