{"sct_config":{"_id":"650aa977d2d3e9d39b525057","createdAt":"2023-09-20T08:12:39.468Z","username":"appavuraja.b@gmmcoindia.com","priviledge":"client","config":{"missed_call":true,"reusable_sim":null,"useAndThrowDeviceTrackingEnabled":true,"reachParams":{"geofence":5000,"geofence_in":{"trip_changes":{"endsIn":21600000}}},"reports":{"eway_bill_expiry":{"test":{"recipients":["fahad@intugine.com"]},"prod":{"separate_by":"division","search_by":{"division":{"Equipments":["Equipments"]}},"recipients":["vinodhkumar.c@gmmcoindia.com","mandar@intugine.com"]}},"report_header":[{"key":"machine_serial_no","value":"Machine Serial No"},{"key":"invoice","value":"Invoice No."},{"key":"srcname","value":"Source"},{"key":"destname","value":"Destination"},{"key":"vendor","value":"Transporter"},{"key":"truck_number","value":"Vehicle"},{"key":"track_status","value":"Tracked Status"},{"key":"tel","value":"Tel"},{"key":"start_time","value":"Start Time"},{"key":"f_base_ETA","value":"Base ETA"},{"key":"reached","value":"E.T.A."},{"key":"source_in_time","value":"Source In Time"},{"key":"destination_geofence_time","value":"Destination Reached Time"},{"key":"last_address","value":"Last Track Location"},{"key":"last_tracked","value":"Last Tracked"},{"key":"division","value":"Division"},{"key":"client_name","value":"Client"},{"key":"lr_number","value":"LR No."},{"key":"ewb_no","value":"EWB No"},{"key":"eway_expiry","value":"Eway Expire"}],"tracking_success":{"prod":{"recipients":["johncarnel@gmmcoindia.com","muthukumar.m@gmmcoindia.com","chittibabu@fairmacs.com","vinodhkumar.c@gmmcoindia.com","hidayathullah.m@gmmcoindia.com","appavuraja.b@gmmcoindia.com"]}}},"modules":{"OPTED_FOR":["CONTROL_TOWER"],"CONTROL_TOWER":{"FRONTEND":{"NAV":{"title":"Control Tower","path":"/control-tower"},"BASE_URL":"https://dbx6uwq37vzb3.cloudfront.net/","creds":{"URL_KEY":"token","token":"eyJhbGciOiJIUzI1NiIsInR5cCI6IkpXVCJ9.eyJ1c2VyIjoiYXBwYXZ1cmFqYS5iQGdtbWNvaW5kaWEuY29tIiwiY2xpZW50IjoiR01NQ08gSU5ESUEiLCJpYXQiOjE2OTcxMDk1NjN9.9GDcBYwmQHsH8Py55w57SnuvgC-FnKVuhcidmJdH1aU"}}}},"extra_headers":[{"title":"ANALYTICS","icon":"","path":"/analytics","show":true}],"navbar_headers":true,"navbar_headers_field":[{"title":"HOME","path":"/home","show":true},{"title":"TRIPS","path":"/trips","show":true},{"title":"TIMELINE","path":"/timeline","show":true},{"title":"HISTORY","path":"/history","show":true},{"title":"REPORTS","path":"/reports","show":true},{"title":"CONTROL TOWER","path":"/control-tower","show":true},{"title":"ANALYTICS","path":"/analytics","show":true},{"title":"CONTROL TOWER","path":"/control-tower","show":true}],"home":{"triplistheaders":[{"key":"machine_serial_no","value":"Machine Serial No"},{"key":"invoice","value":"Invoice No."},{"key":"srcname","value":"Source"},{"key":"destname","value":"Destination"},{"key":"vendor","value":"Transporter"},{"key":"status","value":"Tracking Status"},{"key":"tel","value":"Tel"},{"key":"truck_number","value":"Vehicle"},{"key":"lr_number","value":"LR No."},{"key":"start_time","value":"Start Time"},{"key":"reached","value":"E.T.A"},{"key":"f_base_ETA","value":"Base ETA"},{"key":"ewb_no","value":"EWB No"},{"key":"eway_expiry","value":"Eway Expire"},{"key":"client_name","value":"Client"},{"key":"division","value":"Division"},{"key":"last_address","value":"Last Track Location"},{"key":"last_tracked","value":"Last Tracked"}]},"trips":{"data":{"dest_locations":[]},"otheroption":{"devices":true,"facilities":true},"mandatorinputfields":["srcname","dest","tel"],"submittedtripoptions":{"multiple_dest_text_field":true,"src_text_field":true,"edit":true,"share_link":true},"triplistheaders":[{"key":"machine_serial_no","value":"Machine Serial No"},{"key":"tel","value":"Device"},{"key":"operator","value":"Operator"},{"key":"status","value":"Status"},{"key":"last_tracked","value":"Last Track"},{"key":"truck_number","value":"Truck Number"},{"key":"srcname","value":"Source"},{"key":"destname","value":"Destination"},{"key":"base_ETA","value":" Base E.T.A."},{"key":"lr_number","value":"LR No"},{"key":"invoice","value":"Invoice No."},{"key":"vendor","value":"Transporter"},{"key":"ewb_no","value":"EWB No"},{"key":"eway_expiry","value":"Eway Expire"},{"key":"division","value":"Division"},{"key":"startTime","value":"Start Time"},{"key":"vendor","value":"Transporter"},{"key":"eta_days","value":"ETA in Days"}],"newtripinputfields":[{"key":"truck_number","placeholder":"Truck Number","type":"text"},{"key":"destname","no_show":true},{"key":"drops","type":"array","max_length":1,"params":[{"key":"invoice","placeholder":"Invoice No."},{"key":"lr_number","placeholder":"LR Number"},{"key":"loc","placeholder":"Location"}]},{"key":"vendor","placeholder":"Transporter","type":"list","values":[{"name":"Reach Cargo CHN"},{"name":"Reach Cargo GOA"},{"name":"Allied Transport"},{"name":"Fairmacs"},{"name":"Super Deluxe"},{"name":"Premier Transport"},{"name":"Creative Manufacturing Solutions"},{"name":"CJ DARCL Logistics Ltd"},{"name":"MRC Logistics India Pvt Ltd"},{"name":"tcifreight"}]},{"key":"ewb_no","placeholder":"EWB No","type":"text"},{"key":"division","placeholder":"Division","type":"list","action_name":"mandatory_fields","mandatory_fields":[{"Equipments":["machine_serial_no"]}],"values":[{"name":"Parts"},{"name":"Equipments"}]},{"key":"machine_serial_no","placeholder":"Machine Serial No","type":"text"},{"key":"eta_days","placeholder":"ETA in Days","type":"number"},{"key":"eway_expiry","placeholder":"EWAY Bill Expiry Date","type":"date"},{"key":"client_name","placeholder":"Client","type":"text"},{"key":"transporter_number","placeholder":"Transporter Number","type":"text"},{"key":"vehicle_capacity","placeholder":"Vehicle Capacity","type":"list","values":[{"name":"0-5 ton"},{"name":"5-10 ton"},{"name":"10-15 ton"},{"name":"15-20 ton"},{"name":"20-25 ton"},{"name":"25+ ton"}]}],"uniq_trip_key":"src_machine_serial_no","properties_by_value":{"keyname":"division","properties":{"Equipments":{"haltAlertConfigId":"6177af828b8d1b54d47cc3a3"},"Parts":{"haltAlertConfigId":"5fbb50fbaff3520008fb212c"}}}},"trip_start_form":true,"pingrate":3600000,"client":"GMMCO INDIA","user_type":"postpaid","client_type":"new","location_providers":{"airtel":{"provider":"TELENITY","service":"IVRALT"},"idea":{"provider":"TELENITY","service":"IVRALT"},"vodafone":{"provider":"TELENITY","service":"IVRALT"},"jio":{"provider":"JIO","service":"DEFAULT"},"bsnl":{"provider":"TELENITY","service":"SMARTTRAIL"}},"tracking_tag":"PROVIDER-CONFIG","map":{"light_theme":true},"theme":{"light":true},"filter_trips_by":[],"support_enabled":true,"public_link":{"auth":{"basic":{"username":"WsHRqSGzKt","password":"qtfQD7lhSq"}}},"alert":[{"type":["CONSENT_PENDING","TICKET_CHAT"]}],"alerts":{"halt":{"isTripLevel":true,"recipients":{"internal":["mandar@intugine.com","support@intugine.com"],"client":[]},"haltParams":[{"durationThreshold":21600000,"sendOncePerHalt":true,"recipients":["appavuraja.b@gmmcoindia.com","hidayathullah.m@gmmcoindia.com"]},{"durationThreshold":43200000,"sendOncePerHalt":true,"recipients":["muthukumar.m@gmmcoindia.com"]},{"durationThreshold":86400000,"sendOncePerHalt":true,"recipients":["muthukumar.m@gmmcoindia.com"]}]}},"tracking":{"reCalculationEnable":true}},"apisecret":{"username":"UcFvNAh6eW0paYnzQbbcjd6JfP7ChNbTHvtsTq77RBuR4CsyxGXmnQklgaAUynCD","password":"xhPDcduO8LWQxd69B9vdiKhpQ3yoLpToxYvhkbhPQP2yl0ZyhnBZecUmLEXk2Xbj"},"hash":"$2a$10$IFG.LCJP2nuT3QoCFgVY9uvj27iBeeJIIooOUJ6gvUWFQK/tSrgmO","created_by":"amrita_uc","updatedAt":"2023-10-12T11:19:23.338Z"},"ct_config":{"username":"appavuraja.b@gmmcoindia.com","token":"eyJhbGciOiJIUzI1NiIsInR5cCI6IkpXVCJ9.eyJ1c2VyIjoiYXBwYXZ1cmFqYS5iQGdtbWNvaW5kaWEuY29tIiwiY2xpZW50IjoiR01NQ08gSU5ESUEiLCJpYXQiOjE2OTcxMDk2ODZ9.XFx6thV4v0YokMxVrMa7DKIvlO0-x86Gz2wTkyIQmUU"}}