{"sct_config":{"_id":"5fd87168622449000864f442","username":"chittibabu@fairmacs.com","priviledge":"client","config":{"missed_call":true,"reachParams":{"geofence":5000,"geofence_in":{"trip_changes":{"endsIn":21600000}}},"alerts":{"alerts_info":{"search_by":{"srcname":{"Gmmco Ltd-Muruganchery":["lrdawson@gmmcoindia.com","cssubhash@gmmcoindia.com","rajasekaran.s@gmmcoindia.com","divya.m@gmmcoindia.com"],"Gmmco Ltd-PANVEL":["dineshmishra@gmmcoindia.com"],"Gmmco Ltd-NAGPUR WORKSHOP":["sumandimri@gmmcoindia.com"],"Gmmco Ltd-NAGPUR":["jgedam@gmmcoindia.com"]}}},"halt":{"isTripLevel":true,"recipients":{"internal":["mandar@intugine.com","support@intugine.com"],"client":[]},"haltParams":[{"durationThreshold":21600000,"sendOncePerHalt":true,"recipients":["appavuraja.b@gmmcoindia.com","hidayathullah.m@gmmcoindia.com"]},{"durationThreshold":43200000,"sendOncePerHalt":true,"recipients":["muthukumar.m@gmmcoindia.com"]},{"durationThreshold":86400000,"sendOncePerHalt":true,"recipients":["muthukumar.m@gmmcoindia.com"]}]}},"reports":{"report_header":[{"key":"machine_serial_no","value":"Machine Serial No"},{"key":"invoice","value":"Invoice No."},{"key":"srcname","value":"Source"},{"key":"destname","value":"Destination"},{"key":"vendor","value":"Transporter"},{"key":"truck_number","value":"Vehicle"},{"key":"track_status","value":"Tracked Status"},{"key":"tel","value":"Tel"},{"key":"start_time","value":"Start Time"},{"key":"f_base_ETA","value":"Base ETA"},{"key":"reached","value":"E.T.A."},{"key":"source_in_time","value":"Source In Time"},{"key":"destination_geofence_time","value":"Destination Reached Time"},{"key":"last_address","value":"Last Track Location"},{"key":"last_tracked","value":"Last Tracked"},{"key":"division","value":"Division"},{"key":"client_name","value":"Client"},{"key":"lr_number","value":"LR No."},{"key":"ewb_no","value":"EWB No"},{"key":"eway_expiry","value":"Eway Expire"}],"tracking_success":{"prod":{"recipients":["johncarnel@gmmcoindia.com","muthukumar.m@gmmcoindia.com","chittibabu@fairmacs.com","vinodhkumar.c@gmmcoindia.com","hidayathullah.m@gmmcoindia.com","appavuraja.b@gmmcoindia.com"]}}},"modules":{"OPTED_FOR":["CONTROL_TOWER"],"CONTROL_TOWER":{"FRONTEND":{"NAV":{"title":"Control Tower","path":"/control-tower"},"BASE_URL":"https://control-tower.intutrack.com","creds":{"URL_KEY":"token","token":"eyJ0eXAiOiJKV1QiLCJhbGciOiJIUzI1NiJ9.eyJ1c2VyIjoicmFteWEuc0BnbW1jb2luZGlhLmNvbSJ9.kiyXBroHKiCS8sCbgaTs1aGOwKe0ezj6JELil1D2qgg"}}}},"extra_headers":[{"title":"ANALYTICS","icon":"","path":"/analytics","show":true}],"navbar_headers":true,"navbar_headers_field":[{"title":"HOME","path":"/home","show":true},{"title":"TRIPS","path":"/trips","show":true},{"title":"TIMELINE","path":"/timeline","show":true},{"title":"HISTORY","path":"/history","show":true},{"title":"REPORTS","path":"/reports","show":true},{"title":"ANALYTICS","path":"/analytics","show":true},{"title":"CONTROL TOWER","path":"/control-tower","show":true}],"home":{"triplistheaders":[{"key":"machine_serial_no","value":"Machine Serial No"},{"key":"invoice","value":"Invoice No."},{"key":"srcname","value":"Source"},{"key":"destname","value":"Destination"},{"key":"vendor","value":"Transporter"},{"key":"status","value":"Tracking Status"},{"key":"tel","value":"Tel"},{"key":"truck_number","value":"Vehicle"},{"key":"lr_number","value":"LR No."},{"key":"start_time","value":"Start Time"},{"key":"reached","value":"E.T.A"},{"key":"f_base_ETA","value":"Base ETA"},{"key":"ewb_no","value":"EWB No"},{"key":"eway_expiry","value":"Eway Expire"},{"key":"client_name","value":"Client"},{"key":"division","value":"Division"},{"key":"last_address","value":"Last Track Location"},{"key":"last_tracked","value":"Last Tracked"}],"homeBanner":true,"customise_report":true,"report_header":[{"key":"machine_serial_no","value":"Machine Serial No"},{"key":"invoice","value":"Invoice No."},{"key":"srcname","value":"Source"},{"key":"destname","value":"Destination"},{"key":"vendor","value":"Transporter"},{"key":"truck_number","value":"Vehicle"},{"key":"track_status","value":"Tracked Status"},{"key":"tel","value":"Tel"},{"key":"start_time","value":"Start Time"},{"key":"f_base_ETA","value":"Base ETA"},{"key":"reached","value":"E.T.A."},{"key":"source_in_time","value":"Source In Time"},{"key":"destination_geofence_time","value":"Destination Reached Time"},{"key":"last_address","value":"Last Track Location"},{"key":"last_tracked","value":"Last Tracked"},{"key":"division","value":"Division"},{"key":"client_name","value":"Client"},{"key":"lr_number","value":"LR No."},{"key":"ewb_no","value":"EWB No"},{"key":"eway_expiry","value":"Eway Expire"}]},"trips":{"data":{"dest_locations":[]},"mandatorinputfields":["srcname","dest","tel"],"submittedtripoptions":{"edit":true,"multiple_dest_text_field":true,"src_text_field":true},"newtripinputfields":[{"key":"truck_number","placeholder":"Truck Number","type":"text"},{"key":"destname","no_show":true},{"key":"drops","type":"array","max_length":1,"params":[{"key":"invoice","placeholder":"Invoice No."},{"key":"lr_number","placeholder":"LR Number"},{"key":"loc","placeholder":"Location"}]},{"key":"vendor","placeholder":"Transporter","type":"list","values":[{"name":"Fairmacs"},{"name":"CJ DARCL Logistics Ltd"},{"name":"MRC Logistics India Pvt Ltd"},{"name":"tcifreight"}]},{"key":"ewb_no","placeholder":"EWB No","type":"text"},{"key":"division","placeholder":"Division","type":"list","action_name":"mandatory_fields","mandatory_fields":[{"Equipments":["machine_serial_no"]}],"values":[{"name":"Parts"},{"name":"Equipments"}]},{"key":"machine_serial_no","placeholder":"Machine Serial No","type":"text"},{"key":"eta_days","placeholder":"ETA in Days","type":"number"},{"key":"eway_expiry","placeholder":"EWAY Bill Expiry Date","type":"date"},{"key":"client_name","placeholder":"Client","type":"text"},{"key":"transporter_number","placeholder":"Transporter Number","type":"text"},{"key":"vehicle_capacity","placeholder":"Vehicle Capacity","type":"list","values":[{"name":"0-5 ton"},{"name":"5-10 ton"},{"name":"10-15 ton"},{"name":"15-20 ton"},{"name":"20-25 ton"},{"name":"25+ ton"}]}],"otheroption":{"devices":true,"facilities":true},"uniq_trip_key":"src_machine_serial_no","properties_by_value":{"keyname":"division","properties":{"Equipments":{"haltAlertConfigId":"6177af828b8d1b54d47cc3a3"},"Parts":{"haltAlertConfigId":"5fbb50fbaff3520008fb212c"}}},"triplistheaders":[{"key":"machine_serial_no","value":"Machine Serial No"},{"key":"tel","value":"Device"},{"key":"operator","value":"Operator"},{"key":"status","value":"Status"},{"key":"last_tracked","value":"Last Track"},{"key":"truck_number","value":"Truck Number"},{"key":"srcname","value":"Source"},{"key":"destname","value":"Destination"},{"key":"base_ETA","value":" Base E.T.A."},{"key":"lr_number","value":"LR No"},{"key":"invoice","value":"Invoice No."},{"key":"vendor","value":"Transporter"},{"key":"ewb_no","value":"EWB No"},{"key":"eway_expiry","value":"Eway Expire"},{"key":"division","value":"Division"},{"key":"startTime","value":"Start Time"},{"key":"vendor","value":"Transporter"},{"key":"eta_days","value":"ETA in Days"}]},"trip_start_form":true,"pingrate":3600000,"client":"GMMCO INDIA","user_type":"postpaid","client_type":"new","filter_trips_by":["vendor"],"vendor":["Fairmacs"],"public_link":{"auth":{"basic":{"username":"RBdW8LrR1Y","password":"Cfmqb9Bvn7"}}},"alert":[{"type":["CONSENT_PENDING","TICKET_CHAT"]}],"reusable_sim":null,"useAndThrowDeviceTrackingEnabled":true,"location_providers":{"airtel":{"provider":"TELENITY","service":"IVRALT"},"idea":{"provider":"TELENITY","service":"IVRALT"},"vodafone":{"provider":"TELENITY","service":"IVRALT"},"jio":{"provider":"JIO","service":"DEFAULT"},"bsnl":{"provider":"TELENITY","service":"SMARTTRAIL"}},"tracking_tag":"PROVIDER-CONFIG","map":{"light_theme":true},"theme":{"light":true},"tracking":{"reCalculationEnable":true}},"apisecret":{"username":"5Ruq9r3zGG0oJ0FU2IQpvAB6mcqBmrmpz7wOF72KLlpoeb6GKnKL3Ssd33ttLByc","password":"mtqpmb2wqrisYiniZxqXb0enU9vcIAzbUSVBG8lrV8Hcz9rDBsE8DIoEVciY5LuY"},"hash":"$2a$10$Ptc/9AETPkNovOV5nvBl0OxIkezYJ6B04RE/NTVct2AbNZ34P/Pgy","created_by":"mandar_uc","createdAt":"2020-12-15T08:18:48.480Z","updatedAt":"2023-09-27T11:44:01.308Z","disabled":false,"home":{"homeBanner":true},"disabledReason":null},"ct_config":{"username":"chittibabu@fairmacs.com","token":"eyJhbGciOiJIUzI1NiIsInR5cCI6IkpXVCJ9.eyJ1c2VyIjoiY2hpdHRpYmFidUBmYWlybWFjcy5jb20iLCJjbGllbnQiOiJHTU1DTyBJTkRJQSIsImlhdCI6MTY5NzExMDY4OH0.yrMVsT9vdKlsenzb8Rna2EQZFqXfcTpUi0kQCQZIqbY"}}