{"sct_config":[{"_id":"6419afe58ff335000810977c","createdAt":"2023-03-21T13:23:49.074Z","username":"ctofbusiness","priviledge":"client","config":{"missed_call":true,"pingrate":900000,"extra_headers":[{"title":"ANALYTICS","icon":"","path":"/analytics","show":true}],"modules":{"OPTED_FOR":["CONTROL_TOWER"],"CONTROL_TOWER":{"FRONTEND":{"NAV":{"title":"Control Tower","path":"/control-tower"},"BASE_URL":"https://control-tower.intutrack.com/","creds":{"URL_KEY":"token","token":"eyJ0eXAiOiJKV1QiLCJhbGciOiJIUzI1NiJ9.eyJ1c2VyIjoib2ZidXNpbmVzcyIsImNsaWVudCI6Ik9GIEJVU0lORVNTIn0.v7dOHBsX2pe9H2saXYPQU9JGSHxwwZjsqwT5rTspMNY"}}}},"alltracker":{"otheroption":{}},"home":{"otheroption":{"consent_status":true,"share_link":true},"triplistheaders":[{"key":"truck_number","value":"Vehicle"},{"key":"tel","value":"Tel"},{"key":"srcname","value":"Source"},{"key":"destname","value":"Destination"},{"key":"invoice","value":"Invoice"},{"key":"submitted_by","value":"Submitted By"},{"key":"start_time","value":"Start Time"},{"key":"reached","value":"E.T.A."},{"key":"last_tracked","value":"Last Tracked"},{"key":"tracking_type","value":"Tracking Type"},{"key":"trip_report","value":"Trip Report"}]},"trips":{"start_request_middlewares":["vaahan-response"],"submittedtripoptions":{"multiple_dest_text_field":true,"src_text_field":true,"edit":true,"dest_mandatory":true,"share_link":true},"data":{"dest_locations":[]},"mandatorinputfields":["srcname","truck_number"],"otheroption":{"show_rcdl_details":true,"location_preview":true},"extra_triplistheaders":[{"key":"submitted_by","value":"Submitted By"}],"newtripinputfields":[{"key":"truck_number","placeholder":"Truck Number","type":"text","action_name":"check_vahan_data"},{"key":"vendor","placeholder":"Transporter","type":"text"},{"key":"lr_number","placeholder":"LR Number","type":"text"},{"key":"client_name","placeholder":"Client Name","type":"text"},{"key":"destname","no_show":true},{"key":"drops","type":"array","max_length":1,"params":[{"key":"invoice","placeholder":"Invoice No."},{"key":"loc","placeholder":"Destination"}]},{"key":"eta_days","placeholder":"ETA","type":"number"},{"key":"eway_expiry","placeholder":"EWAY Bill Expiry Date","type":"date"},{"key":"transporter_number","placeholder":"Transporter Number","type":"text"},{"key":"vehicle_capacity","placeholder":"Vehicle Capacity","type":"list","values":[{"name":"0-5 ton"},{"name":"5-10 ton"},{"name":"10-15 ton"},{"name":"15-20 ton"},{"name":"20-25 ton"},{"name":"25+ ton"}]},{"key":"dl_number","placeholder":"Driving Licence Number","type":"text","action_name":"check_dl_data"},{"key":"driver_dob","placeholder":"Driver DOB","type":"date","action_name":"check_dl_data"}],"fixed_running_threshold":864000000,"distance_based_tat":{"distance":300000},"mandatory_input_params":["truck_number"]},"trip_start_form":true,"support_enabled":true,"client":"OF BUSINESS","reusable_sim":null,"filter_trips_by":["started_by"],"started_by":"ofbusiness","tracking_tag":"PROVIDER-CONFIG","location_providers":{"airtel":{"provider":"TELENITY","service":"SMARTTRAILSHORT"},"idea":{"provider":"TELENITY","service":"SMARTTRAILSHORT"},"vodafone":{"provider":"TELENITY","service":"SMARTTRAILSHORT"},"jio":{"provider":"JIO","service":"DEFAULT"},"bsnl":{"provider":"TELENITY","service":"SMARTTRAIL"}},"reports":{"report_extra_columns":[{"key":"tracking_type","placeholder":"Tracking Type"},{"key":"consent_status","placeholder":"Consent Status"}]},"map":{"light_theme":true},"theme":{"light":true},"reachParams":{"geofence":10000,"geofence_in":{"trip_changes":{"endsIn":60000}}},"history":{"tripDetailHeaders":[{"key":"ended_through","value":"Ended Name"},{"key":"endedBy","value":"Ended By"}],"extra_triplistheaders":[{"key":"submitted_by","value":"Submitted By"}]},"public":{"otheroption":{"show_trip_status":true,"hide":{"tracking_status":true}}},"tracking":{"parallel_fastag_fallback":true},"public_link":{"auth":{"basic":{"username":"Lc0tGXZoEj","password":"334st9k7Wm"}}},"alert":[{"type":["CONSENT_PENDING","TICKET_CHAT"]}]},"apisecret":{"username":"Yzw9UxpXVk0Z0xes84L8bthWEHYKL8bjTSQdHxaqRuxGWolg6mbgUnJciKicF1Ez","password":"HHpRiwPia3hHnjYikQ0PyRuJnHladHtmqgWPuDdRfgu1oRBnxwY8ihiDU0eIeHNZ"},"hash":"$2a$10$OL.wucndD6sxwOARGWWMs.Vxuacmgm6CeDQQQmANKoZvhxhk8a/G.","created_by":"gajanand_uc","disabled":false,"disabledReason":null,"updatedAt":"2023-04-25T12:01:36.387Z"}],"ct_config":{"username":"ctofbusiness","token":"eyJhbGciOiJIUzI1NiIsInR5cCI6IkpXVCJ9.eyJ1c2VyIjoiY3RvZmJ1c2luZXNzIiwiY2xpZW50IjoiT0YgQlVTSU5FU1MiLCJpYXQiOjE2ODM2MTQzNzN9.8_q5pg4widoABKVopjhPSjOcmRArFxAc2CH3YKPAwC8"}}