{"sct_config":{"_id":"608a8344d1149a000dd16080","priviledge":"client","config":{"missed_call":true,"reachParams":{"geofence":5000,"geofence_in":{"trip_changes":{"endsIn":21600000}}},"modules":{"OPTED_FOR":["CONTROL_TOWER"],"CONTROL_TOWER":{"FRONTEND":{"NAV":{"title":"Control Tower","path":"/control-tower"},"BASE_URL":"https://control-tower.intutrack.com/","creds":{"URL_KEY":"token","token":"eyJ0eXAiOiJKV1QiLCJhbGciOiJIUzI1NiJ9.eyJ1c2VyIjoiaWduaXNyZWxvY2F0aW9uQGdtYWlsLmNvbSJ9.BcxA2IBq9K_NQ5b9Tupa1wuwiIOXZBJt5p1AGeG1EJ4"}}}},"home":{"triplistheaders":[{"key":"truck_number","value":"Vehicle"},{"key":"client_name","value":"Client"},{"key":"tel","value":"Tel"},{"key":"srcname","value":"Source"},{"key":"destname","value":"Destination"},{"key":"invoice","value":"Invoice No."},{"key":"start_time","value":"Dispatch"},{"key":"reached","value":"E.T.A."},{"key":"last_tracked","value":"Last Tracked"},{"key":"eway_expiry","value":"Eway Expire"}],"homeBanner":{"msg":"Hi Team, BSNL's consent number is changed. BSNL consent process - Call on 7428498641 and press 1"}},"trips":{"data":{"dest_locations":[]},"mandatorinputfields":["srcname","truck_number","dest"],"submittedtripoptions":{"edit":true,"multiple_dest_text_field":true,"src_text_field":true,"share_link":true},"newtripinputfields":[{"key":"truck_number","placeholder":"Truck Number","type":"text"},{"key":"destname","no_show":true},{"key":"drops","type":"array","max_length":1,"params":[{"key":"invoice","placeholder":"Invoice No."},{"key":"loc","placeholder":"Destination"}]},{"key":"vendor","placeholder":"Transporter","type":"text"},{"key":"eta_days","placeholder":"ETA in Days","type":"number"},{"key":"eway_expiry","placeholder":"EWAY Bill Expiry Date","type":"date"},{"key":"client_name","placeholder":"Client Name","type":"text"},{"key":"transporter_number","placeholder":"Transporter Number","type":"text"},{"key":"vehicle_capacity","placeholder":"Vehicle Capacity","type":"list","values":[{"name":"0-5 ton"},{"name":"5-10 ton"},{"name":"10-15 ton"},{"name":"15-20 ton"},{"name":"20-25 ton"},{"name":"25+ ton"}]}]},"trip_start_form":true,"pingrate":3600000,"tracking_tag":"PROVIDER-CONFIG","location_providers":{"airtel":{"provider":"TELENITY","service":"IVRALT"},"idea":{"provider":"TELENITY","service":"IVRALT"},"vodafone":{"provider":"TELENITY","service":"IVRALT"},"jio":{"provider":"JIO","service":"DEFAULT"},"bsnl":{"provider":"TELENITY","service":"SMARTTRAIL"}},"client":"Ignis Relocation","user_type":"postpaid","client_type":"new","public_link":{"auth":{"basic":{"username":"z0IPeZSTD9","password":"G4RAE1nqrn"}}},"alert":[{"type":["CONSENT_PENDING","TICKET_CHAT"]}],"webhooks":{"locations":{"url":"https://trackingkaro.com/incoming-webhook","headers":{"Authorization":"Basic YTpi"}}},"map":{"light_theme":true},"theme":{"light":true}},"username":"ignisrelocation@gmail.com","apisecret":{"username":"fCJtHk9O55ZfFSgwYAxbLUgCmPWX59qHsInRmzPSlC3B3o91A2wRRVrzz7LmVny1","password":"Hfy6LUgWynyusfjrIvNtnxBmA8ZXsbLuwO0k70P9tpT8MZbVyp5gee81y372uHDR"},"hash":"$2a$10$K3SySzAkKs3X5CntYyLeKOJrFiVigwFgeIG2aw0aaYf6GQt8RB7h6","created_by":"mandar_uc","createdAt":"2021-04-29T09:58:28.878Z","home":{"homeBanner":true},"updatedAt":"2023-08-04T06:10:47.952Z","disabled":false,"disabledReason":null,"pending_payment":true},"ct_config":{"username":"ignisrelocation@gmail.com","token":"eyJhbGciOiJIUzI1NiIsInR5cCI6IkpXVCJ9.eyJ1c2VyIjoiaWduaXNyZWxvY2F0aW9uQGdtYWlsLmNvbSIsImNsaWVudCI6IklnbmlzIFJlbG9jYXRpb24iLCJpYXQiOjE2OTg3Mzk5MDV9.UpJP1Qag47LhAjSRMruE-tI1eDGnrIqtgjg5tl7Kn9Y"}}