[{"_id":"63e246e78a17bd479cffde24","username":"letstransport","password":"$2b$07$Yoxgy7fgpZqY6sA9.wzoAeG5G4qHGKl8CcN4axDXObM7zcAqP6vcW","client":"Lets Transport","config":{"isCalculationEnabled":false,"autoResolve":true,"updateStatusPopUp":true,"reportType":"timeframe","extra_sheets":["Running Trips"],"newAnalytics":true,"filter_trips_by":{"user":"Lets Transport","running":true},"filter_fields":["src","dest","transporter","city","client_name"],"query_trips_in_ct":{"user":"Lets Transport","running":true},"data_table":[{"key":"tripId","value":"_id"},{"key":"user","value":"user"},{"key":"running","value":"running"},{"key":"src","value":"srcname"},{"key":"dest","value":"destname"},{"key":"tel","value":"tel","chaining":"tel.0"},{"key":"truck_number","value":"truck_number"},{"key":"startTime","value":"startTime"},{"key":"transporter","value":"vendor"},{"key":"invoice","value":"invoice"},{"key":"public_link","value":"public_link"},{"key":"city","value":"city"},{"key":"client_name","value":"client_name"},{"key":"last_known_address","value":"last_known_address","proj":"$ping.address"}],"extra_headers":[{"key":"SLA","value":"base_ETA","from_sct":true},{"key":"Current ETA","value":"curr_ETA","from_sct":true},{"key":"City Name","value":"city"},{"key":"Last Known Address","value":"last_known_address"},{"key":"Client Name","value":"client_name"},{"key":"Trip Created By","value":"submitted_by","from_sct":true},{"key":"Trip Created At","value":"createdAt","from_sct":true}],"table_headers":[{"header":"Status","key":"","data":false},{"header":"Actions","key":"","data":false},{"header":"Mobile","key":"tel","data":true},{"header":"Vehicle","key":"truck_number","data":true},{"header":"Tag","key":"issue_tag","data":true},{"header":"Start Date and Time","key":"startTime","data":true},{"header":"Source","key":"src","data":true},{"header":"Destination","key":"dest","data":true},{"header":"Transporter","key":"transporter","data":true,"sorting":true},{"header":"Duration","key":"issue_value","data":false},{"header":"Last Known Address","key":"last_known_address","data":false},{"header":"City Name","key":"city","data":false},{"header":"Client Name","key":"client_name","data":false},{"header":"Latest Remark","key":"actions.0.subtag","data":false}],"issues":[{"tag":"Other Operator","func":"detect_other_operator","params":[{"time_threshold":0,"priority":"HIGH","rep_allowed":true}]},{"tag":"Delay","func":"detect_delay","disabledGeofenceCalculation":{"defaultRadius":5000},"params":[{"time_threshold":60,"priority":"LOW","rep_allowed":false},{"time_threshold":120,"priority":"MEDIUM","rep_allowed":false},{"time_threshold":180,"priority":"HIGH","rep_allowed":false}]},{"tag":"Halt","func":"detect_halt","disabledGeofenceCalculation":{"defaultRadius":5000},"params":[{"time_threshold":120,"priority":"LOW","rep_allowed":true},{"time_threshold":240,"priority":"MEDIUM","rep_allowed":true},{"time_threshold":360,"priority":"HIGH","rep_allowed":true}]},{"tag":"Reverse Movement","func":"detect_reverse_movement","params":[{"time_threshold":30,"priority":"LOW","rep_allowed":true},{"time_threshold":240,"priority":"MEDIUM","rep_allowed":true},{"time_threshold":480,"priority":"HIGH","rep_allowed":true}]},{"tag":"Not Tracked","func":"detect_not_tracked","params":[{"time_threshold":120,"priority":"LOW","rep_allowed":true},{"time_threshold":240,"priority":"MEDIUM","rep_allowed":true},{"time_threshold":360,"priority":"HIGH","rep_allowed":true}]},{"tag":"Consent Status","func":"detect_consent_status","params":[{"priority":"HIGH","time_threshold":30,"rep_allowed":true}]}],"disabledCtReport":true,"allowReload":true,"lastCalculatedTime":"2023-05-08T14:24:25.851Z","triggerInterval":10},"createdAt":"2023-01-17T14:31:55.280Z","updatedAt":"2023-05-08T14:24:25.851Z"}]