{"sct_config":{"_id":"64d0e34530e1850008c2c486","createdAt":"2023-08-07T12:27:49.330Z","username":"mannusaini@ritcologistics.com","priviledge":"client","config":{"missed_call":true,"pingrate":900000,"extra_headers":[{"title":"ANALYTICS","icon":"","path":"/analytics","show":true}],"home":{"triplistheaders":[{"key":"truck_number","value":"Vehicle"},{"key":"tel","value":"Tel"},{"key":"srcname","value":"Source"},{"key":"destname","value":"Destination"},{"key":"invoice","value":"Invoice"},{"key":"start_time","value":"Start Time"},{"key":"reached","value":"E.T.A."},{"key":"last_tracked","value":"Last Tracked"},{"key":"trip_report","value":"Trip Report","type":"pdf"}],"otheroption":{"show_fastag_tracked_counter":true}},"trips":{"submittedtripoptions":{"multiple_dest_text_field":true,"src_text_field":true,"edit":true,"dest_mandatory":true,"share_link":true},"data":{"dest_locations":[]},"mandatorinputfields":["srcname","truck_number","eta_days"],"newtripinputfields":[{"key":"truck_number","placeholder":"Truck Number","type":"text"},{"key":"vendor","placeholder":"Transporter","type":"list","values":[{"name":"Tejas logistics"},{"name":"Ritco logistics"},{"name":"Integrated"}]},{"key":"lr_number","placeholder":"LR Number","type":"text"},{"key":"client_name","placeholder":"Client Name","type":"text"},{"key":"destname","no_show":true},{"key":"drops","type":"array","max_length":1,"params":[{"key":"invoice","placeholder":"Invoice No."},{"key":"loc","placeholder":"Destination"}]},{"key":"eta_days","placeholder":"ETA","type":"number"},{"key":"eway_expiry","placeholder":"EWAY Bill Expiry Date","type":"date"},{"key":"transporter_number","placeholder":"Transporter Number","type":"text"},{"key":"vehicle_capacity","placeholder":"Vehicle Capacity","type":"list","values":[{"name":"0-5 ton"},{"name":"5-10 ton"},{"name":"10-15 ton"},{"name":"15-20 ton"},{"name":"20-25 ton"},{"name":"25+ ton"}]}],"otheroption":{"hide_newtrip_button":false,"facilities":true},"master_data":[{"key":"srcname","trip_start_fields":["src"]},{"key":"destname","trip_start_fields":["dest"]}],"master_fetch_enabled":true,"bulk_upload":{"show":true,"google":true,"fixed_headers":true}},"trip_start_form":true,"support_enabled":true,"client":"Ritco Logistics","reusable_sim":null,"filter_trips_by":[],"tracking_tag":"PROVIDER-CONFIG","location_providers":{"airtel":{"provider":"TELENITY","service":"SMARTTRAILSHORT"},"idea":{"provider":"TELENITY","service":"SMARTTRAILSHORT"},"vodafone":{"provider":"TELENITY","service":"SMARTTRAILSHORT"},"jio":{"provider":"JIO","service":"DEFAULT"},"bsnl":{"provider":"TELENITY","service":"SMARTTRAIL"}},"reports":{"report_extra_columns":[{"key":"submitted_by","placeholder":"Submitted By"},{"key":"moving_type","placeholder":"Moving Type"},{"key":"transit_time","placeholder":"Transit Time"},{"key":"old_driver_number","placeholder":"Old Driver Numbers"},{"key":"location_error","placeholder":"Reason of Error"}],"trip_report_type":"pdf","vendor_name_in_client":true},"map":{"light_theme":true},"theme":{"light":true},"tracking":{"webhookQueuePushEnabled":true,"reCalculationEnable":true,"parallel_fastag_fallback":true},"consent_page":true,"consents":{"forceOperatorLookup":true},"modules":{},"public_link":{"auth":{"basic":{"username":"YcXuoKlDhb","password":"IYNaWKLPtq"}}},"alert":[{"type":["CONSENT_PENDING","TICKET_CHAT"]}]},"apisecret":{"username":"ZfCWgsJd2AvslWVZMn3VmdVHvdCbJjQCkkv1uJpEdtiRWUi0FAxX2SGwlTfeXNfQ","password":"diN6GuU5U8C2O7tFSNXxdHlRvP4UKV41bQG2LYAvR61z57G74X5lUHijJnalCt6M"},"hash":"$2a$10$FFxqeW1T2HTaFh2x81At5OI0h6muGJ1iDbm9wiBDDC74QnQ6A7QlG","created_by":"raviraj_uc","pending_payment":false,"updatedAt":"2024-02-07T08:05:31.613Z"},"ct_config":{"username":"mannusaini@ritcologistics.com","token":"eyJhbGciOiJIUzI1NiIsInR5cCI6IkpXVCJ9.eyJ1c2VyIjoibWFubnVzYWluaUByaXRjb2xvZ2lzdGljcy5jb20iLCJjbGllbnQiOiJSaXRjbyBMb2dpc3RpY3MiLCJpYXQiOjE3MDgzMzgwMDJ9.FePTF7_obNhnuss-QlnEK3PoGqXvgYkVCamvaSTtqIw"}}