{"sct_config":{"_id":"670fe3565f544d39d37710e1","createdAt":"2024-10-16T16:01:26.843Z","username":"rajeshnayak1.vc@flipkart.com","priviledge":"client","config":{"missed_call":true,"pingrate":900000,"extra_headers":[{"title":"ANALYTICS","icon":"","path":"/analytics","show":true}],"home":{"triplistheaders":[{"key":"shipmentNumber","value":"FK Shipment Number"},{"key":"trip_route","value":"Route"},{"key":"truck_number","value":"Vehicle"},{"key":"tel","value":"Tel"},{"key":"srcname","value":"Source"},{"key":"destname","value":"Destination"},{"key":"vendor","value":"Transporter"},{"key":"spLoadId","value":"Load Id"},{"key":"latest_event_status","value":"Latest Status"},{"key":"speed","value":"Speed"},{"key":"start_time","value":"Start Time"},{"key":"actual_src_out_time","value":"Source Out Time"},{"key":"fd_transporter_eta","value":"Transporter ETA"},{"key":"reached","value":"E.T.A."},{"key":"loc_tracking_status","value":"Tracking Status"},{"key":"last_tracked","value":"Last Tracked"},{"key":"source_eta","value":"Source ETA"},{"key":"drop_eta","value":"Drop ETA"}],"otheroption":{"hide":{"online_trip_counter":true,"pending_trip_counter":true,"status":true},"set_background_colour_on_current_halt":true,"fetch_trips_interval":300000,"route_deviation_counter":true,"trip_route":true},"options":{"additional_filters":[{"key":"drops.name","label":"Drop"},{"key":"spSubBranchName","label":"Movement Type"},{"key":"zone","label":"Zone"},{"key":"isRoundTrip","label":"Round Trip","values":[true,false]}]}},"trips":{"nonmandatorytel":true,"submittedtripoptions":{"multiple_dest_text_field":true,"src_text_field":true,"edit":true,"dest_mandatory":true,"share_link":true},"data":{"dest_locations":[]},"mandatorinputfields":["srcname","truck_number"],"newtripinputfields":[{"key":"truck_number","placeholder":"Truck Number","type":"text"},{"key":"vendor","placeholder":"Transporter","type":"text"},{"key":"lr_number","placeholder":"LR Number","type":"text"},{"key":"client_name","placeholder":"Client Name","type":"text"},{"key":"destname","no_show":true},{"key":"drops","type":"array","max_length":1,"params":[{"key":"invoice","placeholder":"Invoice No."},{"key":"loc","placeholder":"Destination"}]},{"key":"eta_days","placeholder":"ETA","type":"number"},{"key":"eway_expiry","placeholder":"EWAY Bill Expiry Date","type":"date"},{"key":"transporter_number","placeholder":"Transporter Number","type":"text"},{"key":"vehicle_capacity","placeholder":"Vehicle Capacity","type":"list","values":[{"name":"0-5 ton"},{"name":"5-10 ton"},{"name":"10-15 ton"},{"name":"15-20 ton"},{"name":"20-25 ton"},{"name":"25+ ton"}]}],"master_data":[{"key":"srcname+destname","trip_start_fields":["eta_days"]},{"key":"srcname","trip_start_fields":["zone"]},{"key":"spSubBranchName","trip_start_fields":["per_day_to_distance_travel"]}],"master_fetch_enabled":true,"distance_based_tat":{"distance":720000,"legs_master":true},"allowDuplicateTelTrips":true,"auto_start_at_submit":true,"expire_trip_based_on_sla":{"operator":"*","threshold":3},"post_end_trip_ops":["POST_TRIP_END_SP_EVENTS"],"static_properties":{"haltDistThresholdMtrs":1000,"haltTimeThresholdMs":900000,"wait_time":{"SRC":10800000,"DROP":10800000},"noTrack":true},"uniq_trip_key":null,"additional_search_fields":["searchtext"],"endable_submitted_trips_update":true,"search_fields":["shipmentNumber","spLoadId"],"gpsCheckEnabled":true,"otheroption":{"facilities":true},"tat_on_source_in":true,"extra_triplistheaders":[{"key":"shipmentNumber","value":"FK Shipment Number"}],"calculate_transporter_eta":true,"fixed_running_threshold":1209600000,"driver_change":true,"absoluteDropUpdate":true,"routeDeviation":{"enabled":true,"deviation_buffer":25000,"deviation_check":900000,"initial_buffer":15000,"final_buffer":15000,"alter_interval":3600000,"alert_email":false,"max_consecutive":4},"routeDeviations":{"enabled":true,"alert_email":false,"meta_data":{"src_key":"srcname","dest_key":"destname","similar_routes_geofence":5000},"max_consecutive":3,"filters":{"duration_threshold":0,"distance_threshold":5000,"halt_duration_threshold":0}}},"trip_start_form":true,"support_enabled":true,"client":"FKT_Main","reusable_sim":null,"filter_trips_by":[],"tracking_tag":"PROVIDER-CONFIG","location_providers":{"airtel":{"provider":"TELENITY","service":"SMARTTRAILSHORT"},"idea":{"provider":"TELENITY","service":"SMARTTRAILSHORT"},"vodafone":{"provider":"TELENITY","service":"SMARTTRAILSHORT"},"jio":{"provider":"JIO","service":"DEFAULT"},"bsnl":{"provider":"TELENITY","service":"SMARTTRAIL"}},"reports":{"report_extra_columns":[{"key":"shipmentNumber","placeholder":"FK Shipment Number"},{"key":"source_in_time","placeholder":"Source In Time"},{"key":"spLoadId","placeholder":"Indent Load ID"},{"key":"latest_event_status","placeholder":"Latest Event"},{"key":"latest_event_status_time","placeholder":"Latest Event Time"},{"key":"latest_event_status_name","placeholder":"Event Location Name"},{"key":"latest_event_status_type","placeholder":"Event Location Type"},{"key":"dest_out_time","placeholder":"Destination Out Time"},{"key":"f_base_ETA","placeholder":"design SLA"},{"key":"last_city","placeholder":"Latest City"},{"key":"loading_delay","placeholder":"Loading Delay"},{"key":"unloading_delay","placeholder":"Unloading Delay"},{"key":"spSubBranchName","placeholder":"Movement Type"},{"key":"latest_lock_event_time","placeholder":"Latest Lock Event Time"},{"key":"latest_lock_event_location","placeholder":"Latest Lock Event Location"},{"key":"latest_tamper_alert_time","placeholder":"Latest Tamper Alert Time"},{"key":"latest_tamper_alert_location","placeholder":"Latest Tamper Alert Location"},{"key":"source_eta","placeholder":"Source ETA"},{"key":"drop_eta","placeholder":"Drop ETA"},{"key":"device_lock_status","placeholder":"Device Status"},{"key":"tracking_type","placeholder":"Tracking Type"},{"key":"f_transporter_eta","placeholder":"Transporter ETA"},{"key":"f_transporter_delay","placeholder":"Transporter Delay"},{"key":"spLoadingDate","placeholder":"Expected Loading Date","type":"date"},{"key":"lock_vendor_name","placeholder":"Lock vendor name"},{"key":"indentCreationDateTime","placeholder":"Indent Creation Date","type":"date"},{"key":"indentAcceptanceDateTime","placeholder":"Indent Acceptance Date","type":"date"},{"key":"plannedDistance","placeholder":"Planned Distance as per Indent"}],"report_header":[{"key":"invoice","value":"Invoice"},{"key":"tel","value":"Driver No."},{"key":"operator","value":"Operator"},{"key":"truck_number","value":"Vehicle"},{"key":"vendor","value":"Transporter"},{"key":"shipmentNumber","value":"FK Shipment Number"},{"key":"spLoadId","value":"Indent Load ID"},{"key":"srcname","value":"Source"},{"key":"destname","value":"Destination"},{"key":"trip_route","value":"Route"},{"key":"actual_start_date_time","value":"Start Date"},{"key":"source_in_time","value":"Source In Time"},{"key":"source_out_time","value":"Source Out Time"},{"key":"last_tracked","value":"Last Tracked"},{"key":"last_address","value":"Last Known Location"},{"key":"trip_status","value":"Status"},{"key":"delay_formatted","value":"SLA Status"},{"key":"f_base_ETA","value":"design SLA"},{"key":"trip_eta","value":"ETA"},{"key":"track_status","value":"Tracked Status"},{"key":"distance_travelled","value":"Distance Travelled (km)"},{"key":"distance_remained","value":"Distance Remaining (km)"},{"key":"latest_event_status","value":"Latest Event"},{"key":"latest_event_status_time","value":"Latest Event Time"},{"key":"latest_event_status_name","value":"Event Location Name"},{"key":"latest_event_status_type","value":"Event Location Type"},{"key":"destination_reached_time","value":"Destination Reached Time"},{"key":"dest_out_time","value":"Destination Out Time"},{"key":"trip_end_time","value":"Trip End Time"},{"key":"last_city","value":"Latest City"},{"key":"loading_delay","value":"Loading Delay"},{"key":"unloading_delay","value":"Unloading Delay"},{"key":"spSubBranchName","value":"Movement Type"},{"key":"latest_lock_event_time","value":"Latest Lock Event Time"},{"key":"latest_lock_event_location","value":"Latest Lock Event Location"},{"key":"latest_tamper_alert_time","value":"Latest Tamper Alert Time"},{"key":"latest_tamper_alert_location","value":"Latest Tamper Alert Location"},{"key":"source_eta","value":"Source ETA"},{"key":"drop_eta","value":"Drop ETA"},{"key":"device_lock_status","value":"Device Status"},{"key":"tracking_type","value":"Tracking Type"},{"key":"endNote","value":"End Note"},{"key":"spLoadingDate","value":"Expected Loading Date","type":"date"},{"key":"lock_vendor_name","value":"Lock vendor name"},{"key":"indentCreationDateTime","value":"Indent Creation Date","type":"date"},{"key":"indentAcceptanceDateTime","value":"Indent Acceptance Date","type":"date"},{"key":"plannedDistance","value":"Planned Distance as per Indent"},{"key":"drops","value":"Drops"}],"otheroption":{"drops_delay_interval":10800000,"alert_report":true,"geofence_report":true,"fetch_specific_keys":true,"halt_report_on_email":true}},"map":{"light_theme":true,"disable_filter_locations":true,"long_halt_marker":true},"theme":{"light":true},"modules":{"OPTED_FOR":["CONTROL_TOWER","INDENT_MANAGEMENT","SUMMARY","YARD_MANAGEMENT"],"CONTROL_TOWER":{"FRONTEND":{"NAV":{"title":"Control Tower","path":"/control-tower"},"BASE_URL":"https://dbx6uwq37vzb3.cloudfront.net/","creds":{"URL_KEY":"token","token":"eyJ0eXAiOiJKV1QiLCJhbGciOiJIUzI1NiJ9.eyJ1c2VyIjoiYW5hbnlhLnNpbmdoQGZsaXBrYXJ0LmNvbSIsImNsaWVudCI6IkZLVC1MYXJnZSJ9.xI5zRCECkLXaN01TQ1Z3wGQTPxDVtBnHxVkzkpiJUCg"}}},"INDENT_MANAGEMENT":{"FRONTEND":{"NAV":{"title":"Indent","path":"/indent"},"BASE_URL":"https://app2.superprocure.com/loadBoard","creds":{"URL_KEY":"token","token":"NDgzNTk5Ojc5QzFEOEVGRTY5NEZFMUM1QTE2OURCQURCNEU2QjdG"}}},"SUMMARY":{"FRONTEND":{"NAV":{"title":"Summary","path":"/summary"},"BASE_URL":"https://master.dmhqlqdb3g66s.amplifyapp.com/summary"}},"YARD_MANAGEMENT":{"FRONTEND":{"NAV":{"title":"Yard Management","path":"/yard"},"BASE_URL":"https://dq2sjc9nuei5i.cloudfront.net/"}}},"disable_app_login":true,"reachParams":{"geofence":500,"geofence_out":{"trip_changes":{"endsIn":300000}}},"tracking":{"geofence_radius":{"src":500,"drop":500},"srcEtaCalculationEnabled":true,"dropsDistanceEnabled":true,"tripEndBy":"ananya.singh@flipkart.com","reCalculationEnable":true,"flat_dest_eta":true},"marker_on_hover":[{"key":"tel","value":"Tel"},{"key":"truck_number","value":"Truck"},{"key":"last_address","value":"Address"},{"key":"speed","value":"Speed"},{"key":"last_tracked","value":"Last Track"},{"key":"drop_eta","value":"Drop ETA"},{"key":"current_halt_duration","value":"Current Halt Duration"}],"master_fetch_enabled":true,"public":{"otheroption":{"hide":{"destination":false,"triplistheaders":["reached","latest_event_status","fd_transporter_eta","source_eta","drop_eta"],"dest_eta_from_timeline":true},"yellow_current_marker":true}},"home_path":"/summary","navbar_headers":true,"navbar_headers_field":[{"title":"SUMMARY","path":"/summary","show":true},{"title":"HOME","path":"/home","show":true},{"title":"TRIPS","path":"/trips","show":true},{"title":"TIMELINE","path":"/timeline","show":true},{"title":"HISTORY","path":"/history","show":true},{"title":"REPORTS","path":"/reports","show":true},{"title":"Live View","path":"/all-tracker","show":true},{"title":"INDENT","path":"/indent","show":true},{"title":"CONTROL TOWER","path":"/control-tower","show":true},{"title":"Analytics","path":"/analytics","show":true},{"title":"YARD MGMT.","path":"/yard","show":true},{"title":"Compliance","path":"/advance-analytics","show":true}],"filter_query":"{\"$or\":[{\"client_client\":\"FKT-Large\"},{\"isSynergy\":true}]}","trackingServerMig":true,"alltracker":{"marker_on_hover":[{"key":"tel","value":"Tel"},{"key":"truck_number","value":"Truck"},{"key":"last_address","value":"Address"},{"key":"speed","value":"Speed"},{"key":"last_tracked","value":"Last Track"},{"key":"drop_eta","value":"Drop ETA"},{"key":"current_halt_duration","value":"Current Halt Duration"},{"key":"vendor","value":"Transporter Name"},{"key":"shipmentNumber","value":"FK Shipment Number"},{"key":"trip_route","value":"Route"}],"otheroption":{"detention_threshold_in_hrs":4}},"public_link":{"auth":{"basic":{"username":"xov2aQRfg6","password":"ZpSzD5NSP1"}}},"alert":[{"type":["CONSENT_PENDING","TICKET_CHAT"]}]},"apisecret":{"username":"BzzDOfKQ07NxUpBgdvPB0zeiuQDW6b6QkTvsVqCMRiSaKUt8tNZqC9VQ6vMzd8n5","password":"HHzwvkP44uUG30kC9EPlucHPGcpFYEdApS5t26Em5MCQ5crKEhwwC8cUuyIo9k49"},"hash":"$2a$10$LxnavQvUnW3ONwPkNzSPMON5RZaEwiQWNEdXle018yaQdf62vIrN2","created_by":"kamini_uc"},"ct_config":{"username":"rajeshnayak1.vc@flipkart.com","token":"eyJhbGciOiJIUzI1NiIsInR5cCI6IkpXVCJ9.eyJ1c2VyIjoicmFqZXNobmF5YWsxLnZjQGZsaXBrYXJ0LmNvbSIsImNsaWVudCI6IkZLVC1MYXJnZSIsImlhdCI6MTcyOTE0OTA4M30.TfyHga4XhiZm4SBpjQ7YY4ZJRnh80dR2HWhp9t32wFc"}}