{"sct_config":{"_id":"65140b4e89e005d4d2a05605","createdAt":"2023-09-27T11:00:30.497Z","priviledge":"client","username":"sujit@gmmcoindia.com","password":null,"config":{"missed_call":true,"reusable_sim":null,"useAndThrowDeviceTrackingEnabled":true,"reachParams":{"geofence":5000,"geofence_in":{"trip_changes":{"endsIn":21600000}}},"reports":{"eway_bill_expiry":{"test":{"recipients":["fahad@intugine.com"]},"prod":{"separate_by":"division","search_by":{"division":{"Equipments":["Equipments"]}},"recipients":["vinodhkumar.c@gmmcoindia.com","mandar@intugine.com"]}},"report_header":[{"key":"machine_serial_no","value":"Machine Serial No"},{"key":"invoice","value":"Invoice No."},{"key":"srcname","value":"Source"},{"key":"destname","value":"Destination"},{"key":"vendor","value":"Transporter"},{"key":"truck_number","value":"Vehicle"},{"key":"track_status","value":"Tracked Status"},{"key":"tel","value":"Tel"},{"key":"start_time","value":"Start Time"},{"key":"f_base_ETA","value":"Base ETA"},{"key":"reached","value":"E.T.A."},{"key":"source_in_time","value":"Source In Time"},{"key":"destination_geofence_time","value":"Destination Reached Time"},{"key":"last_address","value":"Last Track Location"},{"key":"last_tracked","value":"Last Tracked"},{"key":"division","value":"Division"},{"key":"client_name","value":"Client"},{"key":"lr_number","value":"LR No."},{"key":"ewb_no","value":"EWB No"},{"key":"eway_expiry","value":"Eway Expire"}]},"modules":{"OPTED_FOR":["CONTROL_TOWER"],"CONTROL_TOWER":{"FRONTEND":{"NAV":{"title":"Control Tower","path":"/control-tower"},"BASE_URL":"https://control-tower.intutrack.com","creds":{"URL_KEY":"token","token":"eyJ0eXAiOiJKV1QiLCJhbGciOiJIUzI1NiJ9.eyJ1c2VyIjoicmFteWEuc0BnbW1jb2luZGlhLmNvbSJ9.kiyXBroHKiCS8sCbgaTs1aGOwKe0ezj6JELil1D2qgg"}}}},"extra_headers":[{"title":"ANALYTICS","icon":"","path":"/analytics","show":true}],"navbar_headers":true,"navbar_headers_field":[{"title":"HOME","path":"/home","show":true},{"title":"TRIPS","path":"/trips","show":true},{"title":"TIMELINE","path":"/timeline","show":true},{"title":"HISTORY","path":"/history","show":true},{"title":"REPORTS","path":"/reports","show":true},{"title":"ANALYTICS","path":"/analytics","show":true},{"title":"CONTROL TOWER","path":"/control-tower","show":true}],"home":{"triplistheaders":[{"key":"machine_serial_no","value":"Machine Serial No"},{"key":"invoice","value":"Invoice No."},{"key":"srcname","value":"Source"},{"key":"destname","value":"Destination"},{"key":"vendor","value":"Transporter"},{"key":"status","value":"Tracking Status"},{"key":"truck_number","value":"Vehicle"},{"key":"lr_number","value":"LR No."},{"key":"start_time","value":"Start Time"},{"key":"reached","value":"E.T.A"},{"key":"f_base_ETA","value":"Base ETA"},{"key":"ewb_no","value":"EWB No"},{"key":"eway_expiry","value":"Eway Expire"},{"key":"client_name","value":"Client"},{"key":"division","value":"Division"},{"key":"last_address","value":"Last Track Location"},{"key":"last_tracked","value":"Last Tracked"}]},"trips":{"data":{"dest_locations":[]},"otheroption":{"devices":true,"facilities":true},"mandatorinputfields":["srcname","dest","tel"],"submittedtripoptions":{"multiple_dest_text_field":true,"src_text_field":true,"edit":true,"share_link":true},"triplistheaders":[{"key":"machine_serial_no","value":"Machine Serial No"},{"key":"operator","value":"Operator"},{"key":"status","value":"Status"},{"key":"last_tracked","value":"Last Track"},{"key":"truck_number","value":"Truck Number"},{"key":"srcname","value":"Source"},{"key":"destname","value":"Destination"},{"key":"base_ETA","value":" Base E.T.A."},{"key":"lr_number","value":"LR No"},{"key":"invoice","value":"Invoice No."},{"key":"vendor","value":"Transporter"},{"key":"ewb_no","value":"EWB No"},{"key":"eway_expiry","value":"Eway Expire"},{"key":"division","value":"Division"},{"key":"startTime","value":"Start Time"},{"key":"vendor","value":"Transporter"},{"key":"eta_days","value":"ETA in Days"}],"newtripinputfields":[{"key":"truck_number","placeholder":"Truck Number","type":"text"},{"key":"destname","no_show":true},{"key":"drops","type":"array","max_length":1,"params":[{"key":"invoice","placeholder":"Invoice No."},{"key":"lr_number","placeholder":"LR Number"},{"key":"loc","placeholder":"Location"}]},{"key":"vendor","placeholder":"Transporter","type":"list","values":[{"name":"Reach Cargo CHN"},{"name":"Reach Cargo GOA"},{"name":"Allied Transport"},{"name":"Fairmacs"},{"name":"Super Deluxe"},{"name":"Premier Transport"},{"name":"Creative Manufacturing Solutions"},{"name":"CJ DARCL Logistics Ltd"},{"name":"MRC Logistics India Pvt Ltd"},{"name":"tcifreight"}]},{"key":"ewb_no","placeholder":"EWB No","type":"text"},{"key":"division","placeholder":"Division","type":"list","action_name":"mandatory_fields","mandatory_fields":[{"Equipments":["machine_serial_no"]}],"values":[{"name":"Parts"},{"name":"Equipments"}]},{"key":"machine_serial_no","placeholder":"Machine Serial No","type":"text"},{"key":"eta_days","placeholder":"ETA in Days","type":"number"},{"key":"eway_expiry","placeholder":"EWAY Bill Expiry Date","type":"date"},{"key":"client_name","placeholder":"Client","type":"text"},{"key":"transporter_number","placeholder":"Transporter Number","type":"text"},{"key":"vehicle_capacity","placeholder":"Vehicle Capacity","type":"list","values":[{"name":"0-5 ton"},{"name":"5-10 ton"},{"name":"10-15 ton"},{"name":"15-20 ton"},{"name":"20-25 ton"},{"name":"25+ ton"}]}],"uniq_trip_key":"src_machine_serial_no","properties_by_value":{"keyname":"division","properties":{"Equipments":{"haltAlertConfigId":"6177af828b8d1b54d47cc3a3"},"Parts":{"haltAlertConfigId":"5fbb50fbaff3520008fb212c"}}}},"trip_start_form":true,"pingrate":3600000,"client":"GMMCO INDIA","user_type":"postpaid","client_type":"new","location_providers":{"airtel":{"provider":"TELENITY","service":"IVRALT"},"idea":{"provider":"TELENITY","service":"IVRALT"},"vodafone":{"provider":"TELENITY","service":"IVRALT"},"jio":{"provider":"JIO","service":"DEFAULT"},"bsnl":{"provider":"TELENITY","service":"SMARTTRAIL"}},"tracking_tag":"PROVIDER-CONFIG","map":{"light_theme":true},"theme":{"light":true},"filter_trips_by":["destname"],"support_enabled":true,"destname":["Gmmco Sambalpur"],"public_link":{"auth":{"basic":{"username":"gzQv8rf1HK","password":"WBEOQWM0Et"}}},"alert":[{"type":["CONSENT_PENDING","TICKET_CHAT"]}],"tracking":{"reCalculationEnable":true}},"hash":"$2a$10$AYiNjDMpaZ0OeWIdgiVJG.HPKc1L0q9Ngh/8vHy0tTjnrjj1pCbaC","apisecret":{"username":"2nIhtd8TdSkBWgbYyEbObftNRpUaHZzNk443N00itsIohoIm9pqKxwiIZBYpWqVQ","password":"dwKOkDYneB0DdUExsgagbiIlPuTdf3M4hYatqstE4ytkAMm12LTRzTlPJvrj5MWz"},"created_by":"amrita_uc","updatedAt":"2023-09-27T11:44:01.308Z"},"ct_config":{"username":"sujit@gmmcoindia.com","token":"eyJhbGciOiJIUzI1NiIsInR5cCI6IkpXVCJ9.eyJ1c2VyIjoic3VqaXRAZ21tY29pbmRpYS5jb20iLCJjbGllbnQiOiJHTU1DTyBJTkRJQSIsImlhdCI6MTY5NzExMDY5MX0.vMSIQ5YvYU4xyGpst8TTtUhkg4K8IvMc9KiiRdeMY3M"}}